{"v":"5.8.1","fr":29.9700012207031,"ip":0,"op":150.000006109625,"w":500,"h":500,"nm":"animaciÃÂÃÂ³n cargando carros","ddd":0,"assets":[{"id":"comp_0","nm":"destellos","fr":29.9700012207031,"layers":[{"ddd":0,"ind":1,"ty":4,"nm":"Capa de formas 7","sr":1,"ks":{"o":{"a":0,"k":100,"ix":11},"r":{"a":0,"k":-5,"ix":10},"p":{"a":0,"k":[240.5,243.5,0],"ix":2,"l":2},"a":{"a":0,"k":[0,0,0],"ix":1,"l":2},"s":{"a":0,"k":[100,100,100],"ix":6,"l":2}},"ao":0,"shapes":[{"ty":"gr","it":[{"ind":0,"ty":"sh","ix":1,"ks":{"a":0,"k":{"i":[[0,0],[0,0]],"o":[[0,0],[0,0]],"v":[[51.25,-46.5],[75.614,-86.242]],"c":false},"ix":2},"nm":"Trazado 1","mn":"ADBE Vector Shape - Group","hd":false},{"ty":"st","c":{"a":0,"k":[1,0.5569,0.2275,1],"ix":3},"o":{"a":0,"k":100,"ix":4},"w":{"a":0,"k":4,"ix":5},"lc":2,"lj":1,"ml":4,"bm":0,"nm":"Trazo 1","mn":"ADBE Vector Graphic - Stroke","hd":false},{"ty":"fl","c":{"a":0,"k":[0.9961,0.9608,0.7412,1],"ix":4},"o":{"a":0,"k":100,"ix":5},"r":1,"bm":0,"nm":"Relleno 1","mn":"ADBE Vector Graphic - Fill","hd":false},{"ty":"tr","p":{"a":0,"k":[0,0],"ix":2},"a":{"a":0,"k":[0,0],"ix":1},"s":{"a":0,"k":[100,100],"ix":3},"r":{"a":0,"k":0,"ix":6},"o":{"a":0,"k":100,"ix":7},"sk":{"a":0,"k":0,"ix":4},"sa":{"a":0,"k":0,"ix":5},"nm":"Transformar"}],"nm":"Forma 1","np":3,"cix":2,"bm":0,"ix":1,"mn":"ADBE Vector Group","hd":false},{"ty":"tm","s":{"a":1,"k":[{"i":{"x":[0.152],"y":[1]},"o":{"x":[0.333],"y":[0]},"t":101,"s":[0]},{"t":111.000004521123,"s":[100]}],"ix":1},"e":{"a":1,"k":[{"i":{"x":[0.152],"y":[1]},"o":{"x":[0.333],"y":[0]},"t":98,"s":[0]},{"t":108.00000439893,"s":[100]}],"ix":2},"o":{"a":0,"k":0,"ix":3},"m":1,"ix":2,"nm":"Recortar trazados 1","mn":"ADBE Vector Filter - Trim","hd":false}],"ip":0,"op":150.000006109625,"st":0,"bm":0},{"ddd":0,"ind":2,"ty":4,"nm":"Capa de formas 6","sr":1,"ks":{"o":{"a":0,"k":100,"ix":11},"r":{"a":0,"k":0,"ix":10},"p":{"a":0,"k":[247.5,245.5,0],"ix":2,"l":2},"a":{"a":0,"k":[0,0,0],"ix":1,"l":2},"s":{"a":0,"k":[100,100,100],"ix":6,"l":2}},"ao":0,"shapes":[{"ty":"gr","it":[{"ind":0,"ty":"sh","ix":1,"ks":{"a":0,"k":{"i":[[0,0],[0,0]],"o":[[0,0],[0,0]],"v":[[51.25,-46.5],[64.25,-61]],"c":false},"ix":2},"nm":"Trazado 1","mn":"ADBE Vector Shape - Group","hd":false},{"ty":"st","c":{"a":0,"k":[1,0.5569,0.2275,1],"ix":3},"o":{"a":0,"k":100,"ix":4},"w":{"a":0,"k":4,"ix":5},"lc":2,"lj":1,"ml":4,"bm":0,"nm":"Trazo 1","mn":"ADBE Vector Graphic - Stroke","hd":false},{"ty":"fl","c":{"a":0,"k":[0.9961,0.9608,0.7412,1],"ix":4},"o":{"a":0,"k":100,"ix":5},"r":1,"bm":0,"nm":"Relleno 1","mn":"ADBE Vector Graphic - Fill","hd":false},{"ty":"tr","p":{"a":0,"k":[0,0],"ix":2},"a":{"a":0,"k":[0,0],"ix":1},"s":{"a":0,"k":[100,100],"ix":3},"r":{"a":0,"k":0,"ix":6},"o":{"a":0,"k":100,"ix":7},"sk":{"a":0,"k":0,"ix":4},"sa":{"a":0,"k":0,"ix":5},"nm":"Transformar"}],"nm":"Forma 1","np":3,"cix":2,"bm":0,"ix":1,"mn":"ADBE Vector Group","hd":false},{"ty":"tm","s":{"a":1,"k":[{"i":{"x":[0.152],"y":[1]},"o":{"x":[0.333],"y":[0]},"t":101,"s":[0]},{"t":111.000004521123,"s":[100]}],"ix":1},"e":{"a":1,"k":[{"i":{"x":[0.152],"y":[1]},"o":{"x":[0.333],"y":[0]},"t":98,"s":[0]},{"t":108.00000439893,"s":[100]}],"ix":2},"o":{"a":0,"k":0,"ix":3},"m":1,"ix":2,"nm":"Recortar trazados 1","mn":"ADBE Vector Filter - Trim","hd":false}],"ip":0,"op":150.000006109625,"st":0,"bm":0}]}],"layers":[{"ddd":0,"ind":1,"ty":0,"nm":"destellos","refId":"comp_0","sr":1,"ks":{"o":{"a":0,"k":100,"ix":11},"r":{"a":0,"k":10,"ix":10},"p":{"a":0,"k":[185.99,258.454,0],"ix":2,"l":2},"a":{"a":0,"k":[250,250,0],"ix":1,"l":2},"s":{"a":0,"k":[-100.966,100,100],"ix":6,"l":2}},"ao":0,"w":500,"h":500,"ip":0,"op":150.000006109625,"st":0,"bm":0},{"ddd":0,"ind":2,"ty":0,"nm":"destellos","refId":"comp_0","sr":1,"ks":{"o":{"a":0,"k":100,"ix":11},"r":{"a":0,"k":0,"ix":10},"p":{"a":0,"k":[250,250,0],"ix":2,"l":2},"a":{"a":0,"k":[250,250,0],"ix":1,"l":2},"s":{"a":0,"k":[100,100,100],"ix":6,"l":2}},"ao":0,"w":500,"h":500,"ip":0,"op":150.000006109625,"st":0,"bm":0},{"ddd":0,"ind":3,"ty":4,"nm":"Capa de formas 4","parent":6,"sr":1,"ks":{"o":{"a":0,"k":100,"ix":11},"r":{"a":0,"k":0,"ix":10},"p":{"a":0,"k":[65.086,99.11,0],"ix":2,"l":2},"a":{"a":0,"k":[-7.299,44.622,0],"ix":1,"l":2},"s":{"a":1,"k":[{"i":{"x":[0.667,0.667,0.667],"y":[1,1,1]},"o":{"x":[0.333,0.333,0.333],"y":[0,0,0]},"t":18,"s":[198.913,0,100]},{"i":{"x":[0.667,0.667,0.667],"y":[1,1,1]},"o":{"x":[0.333,0.333,0.333],"y":[0,0,0]},"t":24,"s":[198.913,198.913,100]},{"i":{"x":[0.667,0.667,0.667],"y":[1,1,1]},"o":{"x":[0.333,0.333,0.333],"y":[0,0,0]},"t":35,"s":[198.913,198.913,100]},{"i":{"x":[0.667,0.667,0.667],"y":[1,1,1]},"o":{"x":[0.333,0.333,0.333],"y":[0,0,0]},"t":41,"s":[198.913,373.913,100]},{"i":{"x":[0.667,0.667,0.667],"y":[1,1,1]},"o":{"x":[0.333,0.333,0.333],"y":[0,0,0]},"t":52,"s":[198.913,373.913,100]},{"i":{"x":[0.667,0.667,0.667],"y":[1,1,1]},"o":{"x":[0.333,0.333,0.333],"y":[0,0,0]},"t":59,"s":[198.913,587.913,100]},{"i":{"x":[0.667,0.667,0.667],"y":[1,1,1]},"o":{"x":[0.333,0.333,0.333],"y":[0,0,0]},"t":71,"s":[198.913,587.913,100]},{"i":{"x":[0.667,0.667,0.667],"y":[1,1,1]},"o":{"x":[0.333,0.333,0.333],"y":[0,0,0]},"t":78,"s":[198.913,952.913,100]},{"t":94.0000038286985,"s":[198.913,952.913,100]}],"ix":6,"l":2}},"ao":0,"shapes":[{"ty":"gr","it":[{"ind":0,"ty":"sh","ix":1,"ks":{"a":0,"k":{"i":[[0,0]],"o":[[0,0]],"v":[[12.75,38.75]],"c":false},"ix":2},"nm":"Trazado 1","mn":"ADBE Vector Shape - Group","hd":false},{"ty":"fl","c":{"a":0,"k":[1,0.5569,0.2275,1],"ix":4},"o":{"a":0,"k":100,"ix":5},"r":1,"bm":0,"nm":"Relleno 1","mn":"ADBE Vector Graphic - Fill","hd":false},{"ty":"tr","p":{"a":0,"k":[0,0],"ix":2},"a":{"a":0,"k":[0,0],"ix":1},"s":{"a":0,"k":[100,100],"ix":3},"r":{"a":0,"k":0,"ix":6},"o":{"a":0,"k":100,"ix":7},"sk":{"a":0,"k":0,"ix":4},"sa":{"a":0,"k":0,"ix":5},"nm":"Transformar"}],"nm":"Forma 2","np":3,"cix":2,"bm":0,"ix":1,"mn":"ADBE Vector Group","hd":false},{"ty":"gr","it":[{"ind":0,"ty":"sh","ix":1,"ks":{"a":1,"k":[{"i":{"x":0.667,"y":1},"o":{"x":0.333,"y":0},"t":94,"s":[{"i":[[0,0],[0,0],[0,0],[0,0],[0,0]],"o":[[0,0],[0,0],[0,0],[0,0],[0,0]],"v":[[21.25,38.125],[-36.375,38.125],[-36,44.625],[21.25,44.625],[21.25,41.312]],"c":true}]},{"t":98.0000039916218,"s":[{"i":[[5.5,0.268],[0,0],[0,0],[0,0],[0,1.368]],"o":[[-5.5,-0.268],[0,0],[0,0],[0,0],[0,-1.368]],"v":[[8.875,34.576],[-35.375,34.576],[-36,44.625],[21.25,44.625],[21.25,37.19]],"c":true}]}],"ix":2},"nm":"Trazado 1","mn":"ADBE Vector Shape - Group","hd":false},{"ty":"fl","c":{"a":0,"k":[1,0.5569,0.2275,1],"ix":4},"o":{"a":0,"k":100,"ix":5},"r":1,"bm":0,"nm":"Relleno 1","mn":"ADBE Vector Graphic - Fill","hd":false},{"ty":"tr","p":{"a":0,"k":[0,0],"ix":2},"a":{"a":0,"k":[0,0],"ix":1},"s":{"a":0,"k":[100,100],"ix":3},"r":{"a":0,"k":0,"ix":6},"o":{"a":0,"k":100,"ix":7},"sk":{"a":0,"k":0,"ix":4},"sa":{"a":0,"k":0,"ix":5},"nm":"Transformar"}],"nm":"Forma 1","np":3,"cix":2,"bm":0,"ix":2,"mn":"ADBE Vector Group","hd":false}],"ip":0,"op":150.000006109625,"st":0,"bm":0},{"ddd":0,"ind":4,"ty":4,"nm":"Capa de formas 2","sr":1,"ks":{"o":{"a":0,"k":100,"ix":11},"r":{"a":0,"k":0,"ix":10},"p":{"a":1,"k":[{"i":{"x":0,"y":1},"o":{"x":0.333,"y":0},"t":0,"s":[385.388,361.875,0],"to":[-36.5,0,0],"ti":[36.5,0,0]},{"i":{"x":0,"y":0},"o":{"x":0.333,"y":0.333},"t":20,"s":[166.388,361.875,0],"to":[0,0,0],"ti":[0,0,0]},{"i":{"x":0.67,"y":1},"o":{"x":0.888,"y":0},"t":118,"s":[166.388,361.875,0],"to":[-69,0,0],"ti":[69,0,0]},{"t":138.000005620855,"s":[-247.612,361.875,0]}],"ix":2,"l":2},"a":{"a":0,"k":[-95.237,62.875,0],"ix":1,"l":2},"s":{"a":0,"k":[200,200,100],"ix":6,"l":2}},"ao":0,"shapes":[{"ty":"gr","it":[{"ind":0,"ty":"sh","ix":1,"ks":{"a":1,"k":[{"i":{"x":0,"y":1},"o":{"x":0.333,"y":0},"t":0,"s":[{"i":[[0,0],[0,0]],"o":[[0,0],[0,0]],"v":[[8.75,62.75],[1.526,62.501]],"c":false}]},{"i":{"x":0,"y":1},"o":{"x":0.333,"y":0},"t":20,"s":[{"i":[[0,0],[0,0]],"o":[[0,0],[0,0]],"v":[[8.75,62.75],[2.711,62.502]],"c":false}]},{"t":118.000004806239,"s":[{"i":[[0,0],[0,0]],"o":[[0,0],[0,0]],"v":[[8.75,62.75],[2.711,62.502]],"c":false}]}],"ix":2},"nm":"Trazado 1","mn":"ADBE Vector Shape - Group","hd":false},{"ty":"st","c":{"a":0,"k":[1,0.5569,0.2275,1],"ix":3},"o":{"a":0,"k":100,"ix":4},"w":{"a":0,"k":3,"ix":5},"lc":2,"lj":1,"ml":4,"bm":0,"nm":"Trazo 1","mn":"ADBE Vector Graphic - Stroke","hd":false},{"ty":"tr","p":{"a":0,"k":[0,0],"ix":2},"a":{"a":0,"k":[0,0],"ix":1},"s":{"a":0,"k":[190,100.199],"ix":3},"r":{"a":0,"k":0,"ix":6},"o":{"a":0,"k":100,"ix":7},"sk":{"a":0,"k":0,"ix":4},"sa":{"a":0,"k":0,"ix":5},"nm":"Transformar"}],"nm":"Forma 1","np":3,"cix":2,"bm":0,"ix":1,"mn":"ADBE Vector Group","hd":false}],"ip":0,"op":150.000006109625,"st":0,"bm":0},{"ddd":0,"ind":5,"ty":4,"nm":"Capa de formas 1","sr":1,"ks":{"o":{"a":0,"k":100,"ix":11},"r":{"a":0,"k":0,"ix":10},"p":{"a":1,"k":[{"i":{"x":0,"y":1},"o":{"x":0.333,"y":0},"t":0,"s":[512.888,361.875,0],"to":[-65.167,0,0],"ti":[65.167,0,0]},{"i":{"x":0,"y":0},"o":{"x":0.333,"y":0.333},"t":20,"s":[121.888,361.875,0],"to":[0,0,0],"ti":[0,0,0]},{"i":{"x":0.647,"y":1},"o":{"x":0.957,"y":0},"t":118,"s":[121.888,361.875,0],"to":[-61.833,0,0],"ti":[61.833,0,0]},{"t":138.000005620855,"s":[-249.112,361.875,0]}],"ix":2,"l":2},"a":{"a":0,"k":[-95.237,62.875,0],"ix":1,"l":2},"s":{"a":0,"k":[200,200,100],"ix":6,"l":2}},"ao":0,"shapes":[{"ty":"gr","it":[{"ind":0,"ty":"sh","ix":1,"ks":{"a":1,"k":[{"i":{"x":0,"y":1},"o":{"x":0.333,"y":0},"t":0,"s":[{"i":[[0,0],[0,0]],"o":[[0,0],[0,0]],"v":[[30.855,62.501],[-48.737,62.501]],"c":false}]},{"i":{"x":0,"y":1},"o":{"x":0.333,"y":0},"t":20,"s":[{"i":[[0,0],[0,0]],"o":[[0,0],[0,0]],"v":[[8.75,62.75],[-48.737,62.501]],"c":false}]},{"t":118.000004806239,"s":[{"i":[[0,0],[0,0]],"o":[[0,0],[0,0]],"v":[[8.75,62.75],[-48.737,62.501]],"c":false}]}],"ix":2},"nm":"Trazado 1","mn":"ADBE Vector Shape - Group","hd":false},{"ty":"st","c":{"a":0,"k":[1,0.5569,0.2275,1],"ix":3},"o":{"a":0,"k":100,"ix":4},"w":{"a":0,"k":3,"ix":5},"lc":2,"lj":1,"ml":4,"bm":0,"nm":"Trazo 1","mn":"ADBE Vector Graphic - Stroke","hd":false},{"ty":"tr","p":{"a":0,"k":[0,0],"ix":2},"a":{"a":0,"k":[0,0],"ix":1},"s":{"a":0,"k":[190,100.199],"ix":3},"r":{"a":0,"k":0,"ix":6},"o":{"a":0,"k":100,"ix":7},"sk":{"a":0,"k":0,"ix":4},"sa":{"a":0,"k":0,"ix":5},"nm":"Transformar"}],"nm":"Forma 1","np":3,"cix":2,"bm":0,"ix":1,"mn":"ADBE Vector Group","hd":false}],"ip":0,"op":150.000006109625,"st":0,"bm":0},{"ddd":0,"ind":6,"ty":4,"nm":"carro contornos","sr":1,"ks":{"o":{"a":0,"k":100,"ix":11},"r":{"a":0,"k":0,"ix":10},"p":{"a":1,"k":[{"i":{"x":0.012,"y":1},"o":{"x":0.333,"y":0},"t":0,"s":[-125,266.5,0],"to":[63.5,0,0],"ti":[-63.5,0,0]},{"i":{"x":0.012,"y":0.012},"o":{"x":0.333,"y":0.333},"t":20,"s":[256,266.5,0],"to":[0,0,0],"ti":[0,0,0]},{"i":{"x":0.676,"y":1},"o":{"x":0.848,"y":0},"t":119,"s":[256,266.5,0],"to":[59.932,0,0],"ti":[-59.932,0,0]},{"t":135.000005498663,"s":[615.594,266.5,0]}],"ix":2,"l":2},"a":{"a":0,"k":[91.5,56,0],"ix":1,"l":2},"s":{"a":1,"k":[{"i":{"x":[0.173,0.667,0.667],"y":[1,1,1]},"o":{"x":[0.333,0.333,0.333],"y":[0,0,0]},"t":0,"s":[130,120,100]},{"t":20.0000008146167,"s":[120,120,100]}],"ix":6,"l":2}},"ao":0,"shapes":[{"ty":"gr","it":[{"ind":0,"ty":"sh","ix":1,"ks":{"a":0,"k":{"i":[[1.449,0],[0,0],[0,1.449],[-1.449,0],[0,0],[0,-1.449]],"o":[[0,0],[-1.449,0],[0,-1.449],[0,0],[1.449,0],[0,1.449]],"v":[[4.947,2.624],[-4.947,2.624],[-7.571,0],[-4.947,-2.624],[4.947,-2.624],[7.571,0]],"c":true},"ix":2},"nm":"Trazado 1","mn":"ADBE Vector Shape - Group","hd":false},{"ty":"fl","c":{"a":0,"k":[1,0.5569,0.2275,1],"ix":4},"o":{"a":0,"k":100,"ix":5},"r":1,"bm":0,"nm":"Relleno 1","mn":"ADBE Vector Graphic - Fill","hd":false},{"ty":"tr","p":{"a":0,"k":[117.159,96.209],"ix":2},"a":{"a":0,"k":[0,0],"ix":1},"s":{"a":0,"k":[100,100],"ix":3},"r":{"a":0,"k":0,"ix":6},"o":{"a":0,"k":100,"ix":7},"sk":{"a":0,"k":0,"ix":4},"sa":{"a":0,"k":0,"ix":5},"nm":"Transformar"}],"nm":"Grupo 1","np":2,"cix":2,"bm":0,"ix":1,"mn":"ADBE Vector Group","hd":false},{"ty":"gr","it":[{"ind":0,"ty":"sh","ix":1,"ks":{"a":0,"k":{"i":[[1.449,0],[0,0],[0,1.449],[-1.449,0],[0,0],[0,-1.449]],"o":[[0,0],[-1.449,0],[0,-1.449],[0,0],[1.449,0],[0,1.449]],"v":[[0.644,2.624],[-0.644,2.624],[-3.268,0],[-0.644,-2.624],[0.644,-2.624],[3.268,0]],"c":true},"ix":2},"nm":"Trazado 1","mn":"ADBE Vector Shape - Group","hd":false},{"ty":"fl","c":{"a":0,"k":[1,0.5569,0.2275,1],"ix":4},"o":{"a":0,"k":100,"ix":5},"r":1,"bm":0,"nm":"Relleno 1","mn":"ADBE Vector Graphic - Fill","hd":false},{"ty":"tr","p":{"a":0,"k":[99.694,96.209],"ix":2},"a":{"a":0,"k":[0,0],"ix":1},"s":{"a":0,"k":[100,100],"ix":3},"r":{"a":0,"k":0,"ix":6},"o":{"a":0,"k":100,"ix":7},"sk":{"a":0,"k":0,"ix":4},"sa":{"a":0,"k":0,"ix":5},"nm":"Transformar"}],"nm":"Grupo 2","np":2,"cix":2,"bm":0,"ix":2,"mn":"ADBE Vector Group","hd":false},{"ty":"gr","it":[{"ind":0,"ty":"sh","ix":1,"ks":{"a":0,"k":{"i":[[1.449,0],[0,0],[0,1.449],[-1.448,0],[0,0],[0,-1.449]],"o":[[0,0],[-1.448,0],[0,-1.449],[0,0],[1.449,0],[0,1.449]],"v":[[2.522,2.624],[-2.523,2.624],[-5.146,0],[-2.523,-2.624],[2.522,-2.624],[5.146,0]],"c":true},"ix":2},"nm":"Trazado 1","mn":"ADBE Vector Shape - Group","hd":false},{"ty":"fl","c":{"a":0,"k":[1,0.5569,0.2275,1],"ix":4},"o":{"a":0,"k":100,"ix":5},"r":1,"bm":0,"nm":"Relleno 1","mn":"ADBE Vector Graphic - Fill","hd":false},{"ty":"tr","p":{"a":0,"k":[173.701,71.557],"ix":2},"a":{"a":0,"k":[0,0],"ix":1},"s":{"a":0,"k":[100,100],"ix":3},"r":{"a":0,"k":0,"ix":6},"o":{"a":0,"k":100,"ix":7},"sk":{"a":0,"k":0,"ix":4},"sa":{"a":0,"k":0,"ix":5},"nm":"Transformar"}],"nm":"Grupo 3","np":2,"cix":2,"bm":0,"ix":3,"mn":"ADBE Vector Group","hd":false},{"ty":"gr","it":[{"ind":0,"ty":"sh","ix":1,"ks":{"a":0,"k":{"i":[[1.449,0],[0,0],[0,5.281],[0,0],[-3.975,0],[0,0],[0,-1.449],[1.449,0],[0,0],[0,-1.081],[0,0],[-2.386,0],[0,0],[0,-1.449]],"o":[[0,0],[-5.28,0],[0,0],[0,-3.975],[0,0],[1.449,0],[0,1.449],[0,0],[-1.081,0],[0,0],[0,2.387],[0,0],[1.449,0],[0,1.449]],"v":[[11.455,12.98],[-4.502,12.98],[-14.079,3.403],[-14.079,-5.771],[-6.87,-12.98],[-2.348,-12.98],[0.276,-10.355],[-2.348,-7.732],[-6.87,-7.732],[-8.831,-5.771],[-8.831,3.403],[-4.502,7.732],[11.455,7.732],[14.079,10.356]],"c":true},"ix":2},"nm":"Trazado 1","mn":"ADBE Vector Shape - Group","hd":false},{"ty":"fl","c":{"a":0,"k":[1,0.5569,0.2275,1],"ix":4},"o":{"a":0,"k":100,"ix":5},"r":1,"bm":0,"nm":"Relleno 1","mn":"ADBE Vector Graphic - Fill","hd":false},{"ty":"tr","p":{"a":0,"k":[151.811,61.201],"ix":2},"a":{"a":0,"k":[0,0],"ix":1},"s":{"a":0,"k":[100,100],"ix":3},"r":{"a":0,"k":0,"ix":6},"o":{"a":0,"k":100,"ix":7},"sk":{"a":0,"k":0,"ix":4},"sa":{"a":0,"k":0,"ix":5},"nm":"Transformar"}],"nm":"Grupo 4","np":2,"cix":2,"bm":0,"ix":4,"mn":"ADBE Vector Group","hd":false},{"ty":"gr","it":[{"ind":0,"ty":"sh","ix":1,"ks":{"a":0,"k":{"i":[[1.449,0],[0,0],[0,1.449],[-1.449,0],[0,0],[0,0],[3.138,3.865],[0,0],[3.893,0],[0,0],[0,0],[0,0],[0,-1.449],[1.449,0],[0,0],[0,1.449],[0,0],[-1.448,0],[0,0],[-3.456,-4.256],[0,0],[0,-6.177],[0,0]],"o":[[0,0],[-1.449,0],[0,-1.449],[0,0],[0,0],[0,-4.976],[0,0],[-2.456,-3.024],[0,0],[0,0],[0,0],[1.449,0],[0,1.449],[0,0],[-1.448,0],[0,0],[0,-1.449],[0,0],[5.481,0],[0,0],[3.896,4.798],[0,0],[0,1.449]],"v":[[28.967,36.418],[16.529,36.418],[13.905,33.794],[16.529,31.17],[26.343,31.17],[26.343,9.357],[21.476,-4.353],[3.551,-26.412],[-6.44,-31.17],[-26.342,-31.17],[-26.342,31.17],[-19.311,31.17],[-16.687,33.794],[-19.311,36.418],[-28.966,36.418],[-31.59,33.794],[-31.59,-33.794],[-28.966,-36.418],[-6.44,-36.418],[7.624,-29.721],[25.549,-7.662],[31.591,9.357],[31.591,33.794]],"c":true},"ix":2},"nm":"Trazado 1","mn":"ADBE Vector Shape - Group","hd":false},{"ty":"fl","c":{"a":0,"k":[1,0.5569,0.2275,1],"ix":4},"o":{"a":0,"k":100,"ix":5},"r":1,"bm":0,"nm":"Relleno 1","mn":"ADBE Vector Graphic - Fill","hd":false},{"ty":"tr","p":{"a":0,"k":[151.073,75.289],"ix":2},"a":{"a":0,"k":[0,0],"ix":1},"s":{"a":0,"k":[100,100],"ix":3},"r":{"a":0,"k":0,"ix":6},"o":{"a":0,"k":100,"ix":7},"sk":{"a":0,"k":0,"ix":4},"sa":{"a":0,"k":0,"ix":5},"nm":"Transformar"}],"nm":"Grupo 5","np":4,"cix":2,"bm":0,"ix":5,"mn":"ADBE Vector Group","hd":false},{"ty":"gr","it":[{"ind":0,"ty":"sh","ix":1,"ks":{"a":0,"k":{"i":[[1.449,0],[0,0],[0,1.449],[-1.45,0],[0,0],[0,-1.449]],"o":[[0,0],[-1.45,0],[0,-1.449],[0,0],[1.449,0],[0,1.449]],"v":[[33.916,2.624],[-33.916,2.624],[-36.54,0],[-33.916,-2.624],[33.916,-2.624],[36.54,0]],"c":true},"ix":2},"nm":"Trazado 1","mn":"ADBE Vector Shape - Group","hd":false},{"ty":"fl","c":{"a":0,"k":[1,0.5569,0.2275,1],"ix":4},"o":{"a":0,"k":100,"ix":5},"r":1,"bm":0,"nm":"Relleno 1","mn":"ADBE Vector Graphic - Fill","hd":false},{"ty":"tr","p":{"a":0,"k":[97.041,109.083],"ix":2},"a":{"a":0,"k":[0,0],"ix":1},"s":{"a":0,"k":[100,100],"ix":3},"r":{"a":0,"k":0,"ix":6},"o":{"a":0,"k":100,"ix":7},"sk":{"a":0,"k":0,"ix":4},"sa":{"a":0,"k":0,"ix":5},"nm":"Transformar"}],"nm":"Grupo 6","np":2,"cix":2,"bm":0,"ix":6,"mn":"ADBE Vector Group","hd":false},{"ty":"gr","it":[{"ind":0,"ty":"sh","ix":1,"ks":{"a":0,"k":{"i":[[1.449,0],[0,0],[0,4.997],[-4.996,0],[0,0],[0,-1.449],[1.45,0],[0,0],[0,-2.103],[-2.102,0],[0,0],[0,-1.449]],"o":[[0,0],[-4.996,0],[0,-4.996],[0,0],[1.45,0],[0,1.448],[0,0],[-2.102,0],[0,2.103],[0,0],[1.449,0],[0,1.449]],"v":[[-20.785,9.061],[-37.729,9.061],[-46.79,-0.001],[-37.729,-9.061],[44.167,-9.061],[46.79,-6.436],[44.167,-3.813],[-37.729,-3.813],[-41.542,-0.001],[-37.729,3.812],[-20.785,3.812],[-18.161,6.437]],"c":true},"ix":2},"nm":"Trazado 1","mn":"ADBE Vector Shape - Group","hd":false},{"ty":"fl","c":{"a":0,"k":[1,0.5569,0.2275,1],"ix":4},"o":{"a":0,"k":100,"ix":5},"r":1,"bm":0,"nm":"Relleno 1","mn":"ADBE Vector Graphic - Fill","hd":false},{"ty":"tr","p":{"a":0,"k":[47.04,102.646],"ix":2},"a":{"a":0,"k":[0,0],"ix":1},"s":{"a":0,"k":[100,100],"ix":3},"r":{"a":0,"k":0,"ix":6},"o":{"a":0,"k":100,"ix":7},"sk":{"a":0,"k":0,"ix":4},"sa":{"a":0,"k":0,"ix":5},"nm":"Transformar"}],"nm":"Grupo 7","np":2,"cix":2,"bm":0,"ix":7,"mn":"ADBE Vector Group","hd":false},{"ty":"gr","it":[{"ind":0,"ty":"sh","ix":1,"ks":{"a":0,"k":{"i":[[1.449,0],[0,1.449],[0,0],[15.29,0],[0,0],[0,-2.146],[0,0],[1.45,0],[0,1.449],[0,0],[-5.039,0],[0,0],[0,-18.183],[0,0]],"o":[[-1.449,0],[0,0],[0,-15.29],[0,0],[-2.145,0],[0,0],[0,1.449],[-1.449,0],[0,0],[0,-5.038],[0,0],[18.184,0],[0,0],[0,1.449]],"v":[[57.128,49.292],[54.504,46.668],[54.504,-16.315],[26.774,-44.044],[-50.614,-44.044],[-54.504,-40.154],[-54.504,46.668],[-57.128,49.292],[-59.752,46.668],[-59.752,-40.154],[-50.614,-49.292],[26.774,-49.292],[59.752,-16.315],[59.752,46.668]],"c":true},"ix":2},"nm":"Trazado 1","mn":"ADBE Vector Shape - Group","hd":false},{"ty":"fl","c":{"a":0,"k":[1,0.5569,0.2275,1],"ix":4},"o":{"a":0,"k":100,"ix":5},"r":1,"bm":0,"nm":"Relleno 1","mn":"ADBE Vector Graphic - Fill","hd":false},{"ty":"tr","p":{"a":0,"k":[64.978,49.542],"ix":2},"a":{"a":0,"k":[0,0],"ix":1},"s":{"a":0,"k":[100,100],"ix":3},"r":{"a":0,"k":0,"ix":6},"o":{"a":0,"k":100,"ix":7},"sk":{"a":0,"k":0,"ix":4},"sa":{"a":0,"k":0,"ix":5},"nm":"Transformar"}],"nm":"Grupo 8","np":2,"cix":2,"bm":0,"ix":8,"mn":"ADBE Vector Group","hd":false}],"ip":0,"op":150.000006109625,"st":0,"bm":0},{"ddd":0,"ind":7,"ty":4,"nm":"Llanta2 contornos","parent":6,"sr":1,"ks":{"o":{"a":0,"k":100,"ix":11},"r":{"a":1,"k":[{"i":{"x":[0.833],"y":[0.833]},"o":{"x":[0.167],"y":[0.167]},"t":0,"s":[-205]},{"i":{"x":[0.667],"y":[1]},"o":{"x":[0.167],"y":[0]},"t":20,"s":[0]},{"i":{"x":[0.361],"y":[1]},"o":{"x":[0.172],"y":[0]},"t":109,"s":[0]},{"t":133.000005417201,"s":[334]}],"ix":10},"p":{"a":0,"k":[44.01,116.668,0],"ix":2,"l":2},"a":{"a":0,"k":[21,21,0],"ix":1,"l":2},"s":{"a":0,"k":[100,100,100],"ix":6,"l":2}},"ao":0,"shapes":[{"ty":"gr","it":[{"ind":0,"ty":"sh","ix":1,"ks":{"a":0,"k":{"i":[[0.508,0],[0.325,0.265],[-0.609,0.75],[-0.218,0.403],[-0.053,1.101],[-0.956,-0.079],[0.046,-0.963],[0.771,-1.425],[0.428,-0.526]],"o":[[-0.389,0],[-0.749,-0.61],[0.291,-0.355],[0.522,-0.965],[0.047,-0.966],[0.965,0.046],[-0.079,1.623],[-0.322,0.594],[-0.346,0.424]],"v":[[-0.934,4.451],[-2.038,4.058],[-2.29,1.596],[-1.523,0.452],[-0.644,-2.708],[1.189,-4.372],[2.853,-2.541],[1.553,2.118],[0.424,3.807]],"c":true},"ix":2},"nm":"Trazado 1","mn":"ADBE Vector Shape - Group","hd":false},{"ty":"fl","c":{"a":0,"k":[1,0.5569,0.2275,1],"ix":4},"o":{"a":0,"k":100,"ix":5},"r":1,"bm":0,"nm":"Relleno 1","mn":"ADBE Vector Graphic - Fill","hd":false},{"ty":"tr","p":{"a":0,"k":[28.578,23.752],"ix":2},"a":{"a":0,"k":[0,0],"ix":1},"s":{"a":0,"k":[100,100],"ix":3},"r":{"a":0,"k":0,"ix":6},"o":{"a":0,"k":100,"ix":7},"sk":{"a":0,"k":0,"ix":4},"sa":{"a":0,"k":0,"ix":5},"nm":"Transformar"}],"nm":"Grupo 1","np":2,"cix":2,"bm":0,"ix":1,"mn":"ADBE Vector Group","hd":false},{"ty":"gr","it":[{"ind":0,"ty":"sh","ix":1,"ks":{"a":0,"k":{"i":[[0.346,0],[0.34,0.487],[-4.91,3.431],[-3.43,-4.911],[0.791,-0.553],[0.552,0.791],[3.329,-2.328],[-2.324,-3.328],[0.792,-0.554]],"o":[[-0.553,0],[-3.428,-4.91],[4.91,-3.421],[0.553,0.791],[-0.792,0.55],[-2.325,-3.326],[-3.328,2.324],[0.554,0.791],[-0.305,0.212]],"v":[[-6.032,9.646],[-7.468,8.898],[-4.781,-6.225],[10.343,-3.536],[9.911,-1.1],[7.475,-1.535],[-2.778,-3.355],[-4.6,6.896],[-5.032,9.333]],"c":true},"ix":2},"nm":"Trazado 1","mn":"ADBE Vector Shape - Group","hd":false},{"ty":"fl","c":{"a":0,"k":[1,0.5569,0.2275,1],"ix":4},"o":{"a":0,"k":100,"ix":5},"r":1,"bm":0,"nm":"Relleno 1","mn":"ADBE Vector Graphic - Fill","hd":false},{"ty":"tr","p":{"a":0,"k":[19.144,18.013],"ix":2},"a":{"a":0,"k":[0,0],"ix":1},"s":{"a":0,"k":[100,100],"ix":3},"r":{"a":0,"k":0,"ix":6},"o":{"a":0,"k":100,"ix":7},"sk":{"a":0,"k":0,"ix":4},"sa":{"a":0,"k":0,"ix":5},"nm":"Transformar"}],"nm":"Grupo 2","np":2,"cix":2,"bm":0,"ix":2,"mn":"ADBE Vector Group","hd":false},{"ty":"gr","it":[{"ind":0,"ty":"sh","ix":1,"ks":{"a":0,"k":{"i":[[-2.278,0],[0,-2.278],[2.278,0],[0,2.278]],"o":[[2.278,0],[0,2.278],[-2.278,0],[0,-2.278]],"v":[[0,-4.124],[4.124,0],[0,4.124],[-4.124,0]],"c":true},"ix":2},"nm":"Trazado 1","mn":"ADBE Vector Shape - Group","hd":false},{"ty":"fl","c":{"a":0,"k":[1,0.5569,0.2275,1],"ix":4},"o":{"a":0,"k":100,"ix":5},"r":1,"bm":0,"nm":"Relleno 1","mn":"ADBE Vector Graphic - Fill","hd":false},{"ty":"tr","p":{"a":0,"k":[20.576,20.576],"ix":2},"a":{"a":0,"k":[0,0],"ix":1},"s":{"a":0,"k":[100,100],"ix":3},"r":{"a":0,"k":0,"ix":6},"o":{"a":0,"k":100,"ix":7},"sk":{"a":0,"k":0,"ix":4},"sa":{"a":0,"k":0,"ix":5},"nm":"Transformar"}],"nm":"Grupo 3","np":2,"cix":2,"bm":0,"ix":3,"mn":"ADBE Vector Group","hd":false},{"ty":"gr","it":[{"ind":0,"ty":"sh","ix":1,"ks":{"a":0,"k":{"i":[[8.313,0],[0,-8.314],[-8.314,0],[0,8.314]],"o":[[-8.314,0],[0,8.314],[8.313,0],[0,-8.314]],"v":[[0.001,-15.078],[-15.077,-0.001],[0.001,15.078],[15.077,-0.001]],"c":true},"ix":2},"nm":"Trazado 1","mn":"ADBE Vector Shape - Group","hd":false},{"ind":1,"ty":"sh","ix":2,"ks":{"a":0,"k":{"i":[[11.207,0],[0,11.208],[-11.208,0],[0,-11.208]],"o":[[-11.208,0],[0,-11.208],[11.207,0],[0,11.208]],"v":[[0.001,20.326],[-20.326,-0.001],[0.001,-20.326],[20.326,-0.001]],"c":true},"ix":2},"nm":"Trazado 2","mn":"ADBE Vector Shape - Group","hd":false},{"ty":"mm","mm":1,"nm":"Combinar trazados 1","mn":"ADBE Vector Filter - Merge","hd":false},{"ty":"fl","c":{"a":0,"k":[1,0.5569,0.2275,1],"ix":4},"o":{"a":0,"k":100,"ix":5},"r":1,"bm":0,"nm":"Relleno 1","mn":"ADBE Vector Graphic - Fill","hd":false},{"ty":"tr","p":{"a":0,"k":[20.575,20.576],"ix":2},"a":{"a":0,"k":[0,0],"ix":1},"s":{"a":0,"k":[100,100],"ix":3},"r":{"a":0,"k":0,"ix":6},"o":{"a":0,"k":100,"ix":7},"sk":{"a":0,"k":0,"ix":4},"sa":{"a":0,"k":0,"ix":5},"nm":"Transformar"}],"nm":"Grupo 4","np":4,"cix":2,"bm":0,"ix":4,"mn":"ADBE Vector Group","hd":false}],"ip":0,"op":150.000006109625,"st":0,"bm":0},{"ddd":0,"ind":8,"ty":4,"nm":"Llanta contornos","parent":6,"sr":1,"ks":{"o":{"a":0,"k":100,"ix":11},"r":{"a":1,"k":[{"i":{"x":[0.833],"y":[0.833]},"o":{"x":[0.167],"y":[0.167]},"t":0,"s":[-253]},{"i":{"x":[0.667],"y":[1]},"o":{"x":[0.167],"y":[0]},"t":20,"s":[0]},{"i":{"x":[0.361],"y":[1]},"o":{"x":[0.172],"y":[0]},"t":109,"s":[0]},{"t":133.000005417201,"s":[334]}],"ix":10},"p":{"a":0,"k":[148.687,116.668,0],"ix":2,"l":2},"a":{"a":0,"k":[21,21,0],"ix":1,"l":2},"s":{"a":0,"k":[100,100,100],"ix":6,"l":2}},"ao":0,"shapes":[{"ty":"gr","it":[{"ind":0,"ty":"sh","ix":1,"ks":{"a":0,"k":{"i":[[0.508,0],[0.325,0.265],[-0.609,0.75],[-0.218,0.403],[-0.053,1.101],[-0.956,-0.079],[0.046,-0.963],[0.771,-1.425],[0.428,-0.526]],"o":[[-0.389,0],[-0.749,-0.61],[0.291,-0.355],[0.522,-0.965],[0.047,-0.966],[0.965,0.046],[-0.079,1.623],[-0.322,0.594],[-0.346,0.424]],"v":[[-0.934,4.451],[-2.038,4.058],[-2.29,1.596],[-1.523,0.452],[-0.644,-2.708],[1.189,-4.372],[2.853,-2.541],[1.553,2.118],[0.424,3.807]],"c":true},"ix":2},"nm":"Trazado 1","mn":"ADBE Vector Shape - Group","hd":false},{"ty":"fl","c":{"a":0,"k":[1,0.5569,0.2275,1],"ix":4},"o":{"a":0,"k":100,"ix":5},"r":1,"bm":0,"nm":"Relleno 1","mn":"ADBE Vector Graphic - Fill","hd":false},{"ty":"tr","p":{"a":0,"k":[28.578,23.752],"ix":2},"a":{"a":0,"k":[0,0],"ix":1},"s":{"a":0,"k":[100,100],"ix":3},"r":{"a":0,"k":0,"ix":6},"o":{"a":0,"k":100,"ix":7},"sk":{"a":0,"k":0,"ix":4},"sa":{"a":0,"k":0,"ix":5},"nm":"Transformar"}],"nm":"Grupo 1","np":2,"cix":2,"bm":0,"ix":1,"mn":"ADBE Vector Group","hd":false},{"ty":"gr","it":[{"ind":0,"ty":"sh","ix":1,"ks":{"a":0,"k":{"i":[[0.346,0],[0.34,0.487],[-4.91,3.431],[-3.43,-4.911],[0.791,-0.553],[0.552,0.791],[3.329,-2.328],[-2.324,-3.328],[0.792,-0.554]],"o":[[-0.553,0],[-3.428,-4.91],[4.91,-3.421],[0.553,0.791],[-0.792,0.55],[-2.325,-3.326],[-3.328,2.324],[0.554,0.791],[-0.305,0.212]],"v":[[-6.032,9.646],[-7.468,8.898],[-4.781,-6.225],[10.343,-3.536],[9.911,-1.1],[7.475,-1.535],[-2.778,-3.355],[-4.6,6.896],[-5.032,9.333]],"c":true},"ix":2},"nm":"Trazado 1","mn":"ADBE Vector Shape - Group","hd":false},{"ty":"fl","c":{"a":0,"k":[1,0.5569,0.2275,1],"ix":4},"o":{"a":0,"k":100,"ix":5},"r":1,"bm":0,"nm":"Relleno 1","mn":"ADBE Vector Graphic - Fill","hd":false},{"ty":"tr","p":{"a":0,"k":[19.144,18.013],"ix":2},"a":{"a":0,"k":[0,0],"ix":1},"s":{"a":0,"k":[100,100],"ix":3},"r":{"a":0,"k":0,"ix":6},"o":{"a":0,"k":100,"ix":7},"sk":{"a":0,"k":0,"ix":4},"sa":{"a":0,"k":0,"ix":5},"nm":"Transformar"}],"nm":"Grupo 2","np":2,"cix":2,"bm":0,"ix":2,"mn":"ADBE Vector Group","hd":false},{"ty":"gr","it":[{"ind":0,"ty":"sh","ix":1,"ks":{"a":0,"k":{"i":[[-2.278,0],[0,-2.278],[2.278,0],[0,2.278]],"o":[[2.278,0],[0,2.278],[-2.278,0],[0,-2.278]],"v":[[0,-4.124],[4.124,0],[0,4.124],[-4.124,0]],"c":true},"ix":2},"nm":"Trazado 1","mn":"ADBE Vector Shape - Group","hd":false},{"ty":"fl","c":{"a":0,"k":[1,0.5569,0.2275,1],"ix":4},"o":{"a":0,"k":100,"ix":5},"r":1,"bm":0,"nm":"Relleno 1","mn":"ADBE Vector Graphic - Fill","hd":false},{"ty":"tr","p":{"a":0,"k":[20.576,20.576],"ix":2},"a":{"a":0,"k":[0,0],"ix":1},"s":{"a":0,"k":[100,100],"ix":3},"r":{"a":0,"k":0,"ix":6},"o":{"a":0,"k":100,"ix":7},"sk":{"a":0,"k":0,"ix":4},"sa":{"a":0,"k":0,"ix":5},"nm":"Transformar"}],"nm":"Grupo 3","np":2,"cix":2,"bm":0,"ix":3,"mn":"ADBE Vector Group","hd":false},{"ty":"gr","it":[{"ind":0,"ty":"sh","ix":1,"ks":{"a":0,"k":{"i":[[8.313,0],[0,-8.314],[-8.314,0],[0,8.314]],"o":[[-8.314,0],[0,8.314],[8.313,0],[0,-8.314]],"v":[[0.001,-15.078],[-15.077,-0.001],[0.001,15.078],[15.077,-0.001]],"c":true},"ix":2},"nm":"Trazado 1","mn":"ADBE Vector Shape - Group","hd":false},{"ind":1,"ty":"sh","ix":2,"ks":{"a":0,"k":{"i":[[11.207,0],[0,11.208],[-11.208,0],[0,-11.208]],"o":[[-11.208,0],[0,-11.208],[11.207,0],[0,11.208]],"v":[[0.001,20.326],[-20.326,-0.001],[0.001,-20.326],[20.326,-0.001]],"c":true},"ix":2},"nm":"Trazado 2","mn":"ADBE Vector Shape - Group","hd":false},{"ty":"mm","mm":1,"nm":"Combinar trazados 1","mn":"ADBE Vector Filter - Merge","hd":false},{"ty":"fl","c":{"a":0,"k":[1,0.5569,0.2275,1],"ix":4},"o":{"a":0,"k":100,"ix":5},"r":1,"bm":0,"nm":"Relleno 1","mn":"ADBE Vector Graphic - Fill","hd":false},{"ty":"tr","p":{"a":0,"k":[20.575,20.576],"ix":2},"a":{"a":0,"k":[0,0],"ix":1},"s":{"a":0,"k":[100,100],"ix":3},"r":{"a":0,"k":0,"ix":6},"o":{"a":0,"k":100,"ix":7},"sk":{"a":0,"k":0,"ix":4},"sa":{"a":0,"k":0,"ix":5},"nm":"Transformar"}],"nm":"Grupo 4","np":4,"cix":2,"bm":0,"ix":4,"mn":"ADBE Vector Group","hd":false}],"ip":0,"op":150.000006109625,"st":0,"bm":0},{"ddd":0,"ind":9,"ty":4,"nm":"Capa de formas 3","parent":6,"sr":1,"ks":{"o":{"a":0,"k":100,"ix":11},"r":{"a":0,"k":0,"ix":10},"p":{"a":0,"k":[79.565,7.266,0],"ix":2,"l":2},"a":{"a":0,"k":[0,0,0],"ix":1,"l":2},"s":{"a":0,"k":[198.913,198.913,100],"ix":6,"l":2}},"ao":0,"shapes":[{"ty":"gr","it":[{"ind":0,"ty":"sh","ix":1,"ks":{"a":0,"k":{"i":[[0,0],[0,0],[0,0],[0,0],[0,0],[-0.375,11.75]],"o":[[0,0],[0,0],[0,0],[0,0],[0,0],[-0.75,-12]],"v":[[8.125,-2.125],[-33.25,-2.125],[-36,0.125],[-36.5,51.375],[20.875,51.75],[21.375,12]],"c":true},"ix":2},"nm":"Trazado 1","mn":"ADBE Vector Shape - Group","hd":false},{"ty":"fl","c":{"a":0,"k":[0.9961,0.9608,0.7412,1],"ix":4},"o":{"a":0,"k":100,"ix":5},"r":1,"bm":0,"nm":"Relleno 1","mn":"ADBE Vector Graphic - Fill","hd":false},{"ty":"tr","p":{"a":0,"k":[0,0],"ix":2},"a":{"a":0,"k":[0,0],"ix":1},"s":{"a":0,"k":[100,100],"ix":3},"r":{"a":0,"k":0,"ix":6},"o":{"a":0,"k":100,"ix":7},"sk":{"a":0,"k":0,"ix":4},"sa":{"a":0,"k":0,"ix":5},"nm":"Transformar"}],"nm":"Forma 1","np":3,"cix":2,"bm":0,"ix":1,"mn":"ADBE Vector Group","hd":false}],"ip":9.00000036657752,"op":159.000006476203,"st":9.00000036657752,"bm":0},{"ddd":0,"ind":10,"ty":4,"nm":"caja 1 contornos","sr":1,"ks":{"o":{"a":0,"k":100,"ix":11},"r":{"a":1,"k":[{"i":{"x":[0.833],"y":[0.833]},"o":{"x":[0.167],"y":[0.167]},"t":4,"s":[-50]},{"t":24.00000097754,"s":[0]}],"ix":10},"p":{"a":1,"k":[{"i":{"x":0.667,"y":1},"o":{"x":0.804,"y":0},"t":4,"s":[234.517,-125.333,0],"to":[0,65.305,0],"ti":[0,-65.305,0]},{"t":24.00000097754,"s":[234.517,266.5,0]}],"ix":2,"l":2},"a":{"a":0,"k":[24.5,25,0],"ix":1,"l":2},"s":{"a":0,"k":[120,120,100],"ix":6,"l":2}},"ao":0,"shapes":[{"ty":"gr","it":[{"ind":0,"ty":"sh","ix":1,"ks":{"a":0,"k":{"i":[[1.449,0],[0,1.449],[0,0],[0,0],[-0.531,1.348],[-1.347,-0.533],[0,0],[0,-1.078],[0,0]],"o":[[-1.449,0],[0,0],[0,0],[-1.347,-0.531],[0.532,-1.349],[0,0],[1.003,0.395],[0,0],[0,1.449]],"v":[[10.448,9.762],[7.824,7.138],[7.824,3.1],[-11.063,-4.347],[-12.541,-7.75],[-9.137,-9.229],[11.41,-1.127],[13.072,1.315],[13.072,7.138]],"c":true},"ix":2},"nm":"Trazado 1","mn":"ADBE Vector Shape - Group","hd":false},{"ty":"fl","c":{"a":0,"k":[1,0.5569,0.2275,1],"ix":4},"o":{"a":0,"k":100,"ix":5},"r":1,"bm":0,"nm":"Relleno 1","mn":"ADBE Vector Graphic - Fill","hd":false},{"ty":"tr","p":{"a":0,"k":[24.682,14.585],"ix":2},"a":{"a":0,"k":[0,0],"ix":1},"s":{"a":0,"k":[100,100],"ix":3},"r":{"a":0,"k":0,"ix":6},"o":{"a":0,"k":100,"ix":7},"sk":{"a":0,"k":0,"ix":4},"sa":{"a":0,"k":0,"ix":5},"nm":"Transformar"}],"nm":"Grupo 1","np":2,"cix":2,"bm":0,"ix":1,"mn":"ADBE Vector Group","hd":false},{"ty":"gr","it":[{"ind":0,"ty":"sh","ix":1,"ks":{"a":0,"k":{"i":[[0,0],[0,0],[0,0],[0,0]],"o":[[0,0],[0,0],[0,0],[0,0]],"v":[[-7.661,6.598],[7.661,12.643],[7.661,-6.462],[-7.661,-12.507]],"c":true},"ix":2},"nm":"Trazado 1","mn":"ADBE Vector Shape - Group","hd":false},{"ind":1,"ty":"sh","ix":2,"ks":{"a":0,"k":{"i":[[0.519,0],[0.311,0.123],[0,0],[0,1.078],[0,0],[-0.718,0.488],[-0.807,-0.318],[0,0],[0,-1.078],[0,0],[0.718,-0.489]],"o":[[-0.326,0],[0,0],[-1.002,-0.396],[0,0],[0,-0.868],[0.72,-0.489],[0,0],[1.003,0.397],[0,0],[0,0.868],[-0.442,0.301]],"v":[[10.285,19.122],[9.322,18.939],[-11.248,10.824],[-12.909,8.383],[-12.909,-16.363],[-11.761,-18.531],[-9.322,-18.803],[11.247,-10.689],[12.909,-8.249],[12.909,16.497],[11.76,18.667]],"c":true},"ix":2},"nm":"Trazado 2","mn":"ADBE Vector Shape - Group","hd":false},{"ty":"mm","mm":1,"nm":"Combinar trazados 1","mn":"ADBE Vector Filter - Merge","hd":false},{"ty":"fl","c":{"a":0,"k":[1,0.5569,0.2275,1],"ix":4},"o":{"a":0,"k":100,"ix":5},"r":1,"bm":0,"nm":"Relleno 1","mn":"ADBE Vector Graphic - Fill","hd":false},{"ty":"tr","p":{"a":0,"k":[13.17,29.657],"ix":2},"a":{"a":0,"k":[0,0],"ix":1},"s":{"a":0,"k":[100,100],"ix":3},"r":{"a":0,"k":0,"ix":6},"o":{"a":0,"k":100,"ix":7},"sk":{"a":0,"k":0,"ix":4},"sa":{"a":0,"k":0,"ix":5},"nm":"Transformar"}],"nm":"Grupo 2","np":4,"cix":2,"bm":0,"ix":2,"mn":"ADBE Vector Group","hd":false},{"ty":"gr","it":[{"ind":0,"ty":"sh","ix":1,"ks":{"a":0,"k":{"i":[[0,0],[0,0],[0,0],[0,0]],"o":[[0,0],[0,0],[0,0],[0,0]],"v":[[-14.654,0.951],[-0.809,6.411],[14.654,-0.872],[0.808,-6.331]],"c":true},"ix":2},"nm":"Trazado 1","mn":"ADBE Vector Shape - Group","hd":false},{"ind":1,"ty":"sh","ix":2,"ks":{"a":0,"k":{"i":[[0.383,0],[0.31,0.121],[0,0],[0.033,1.045],[-0.947,0.446],[0,0],[-0.674,-0.263],[0,0],[-0.034,-1.045],[0.946,-0.447],[0,0]],"o":[[-0.326,0],[0,0],[-0.973,-0.385],[-0.034,-1.047],[0,0],[0.655,-0.308],[0,0],[0.974,0.384],[0.034,1.047],[0,0],[-0.354,0.166]],"v":[[-0.717,11.893],[-1.68,11.71],[-22.228,3.605],[-23.887,1.249],[-22.383,-1.21],[-0.402,-11.562],[1.679,-11.63],[22.227,-3.527],[23.887,-1.171],[22.384,1.288],[0.401,11.643]],"c":true},"ix":2},"nm":"Trazado 2","mn":"ADBE Vector Shape - Group","hd":false},{"ty":"mm","mm":1,"nm":"Combinar trazados 1","mn":"ADBE Vector Filter - Merge","hd":false},{"ty":"fl","c":{"a":0,"k":[1,0.5569,0.2275,1],"ix":4},"o":{"a":0,"k":100,"ix":5},"r":1,"bm":0,"nm":"Relleno 1","mn":"ADBE Vector Graphic - Fill","hd":false},{"ty":"tr","p":{"a":0,"k":[24.171,12.143],"ix":2},"a":{"a":0,"k":[0,0],"ix":1},"s":{"a":0,"k":[100,100],"ix":3},"r":{"a":0,"k":0,"ix":6},"o":{"a":0,"k":100,"ix":7},"sk":{"a":0,"k":0,"ix":4},"sa":{"a":0,"k":0,"ix":5},"nm":"Transformar"}],"nm":"Grupo 3","np":4,"cix":2,"bm":0,"ix":3,"mn":"ADBE Vector Group","hd":false},{"ty":"gr","it":[{"ind":0,"ty":"sh","ix":1,"ks":{"a":0,"k":{"i":[[0,0],[0,0]],"o":[[0,0],[0,0]],"v":[[10.991,7.264],[11.008,7.264]],"c":true},"ix":2},"nm":"Trazado 1","mn":"ADBE Vector Shape - Group","hd":false},{"ind":1,"ty":"sh","ix":2,"ks":{"a":0,"k":{"i":[[0,0],[0,0],[0,0],[0,0]],"o":[[0,0],[0,0],[0,0],[0,0]],"v":[[-8.367,-5.467],[-8.367,13.48],[8.367,5.6],[8.367,-13.348]],"c":true},"ix":2},"nm":"Trazado 2","mn":"ADBE Vector Shape - Group","hd":false},{"ind":2,"ty":"sh","ix":3,"ks":{"a":0,"k":{"i":[[0.381,0],[0.427,0.271],[0,0.899],[0,0],[-0.919,0.434],[0,0],[-0.76,-0.484],[0,-0.898],[0,0],[0.921,-0.433],[0,0]],"o":[[-0.49,0],[-0.759,-0.482],[0,0],[0,-1.016],[0,0],[0.813,-0.383],[0.758,0.481],[0,0],[0,1.016],[0,0],[-0.355,0.167]],"v":[[-10.991,20.24],[-12.397,19.833],[-13.615,17.617],[-13.615,-7.132],[-12.109,-9.506],[9.874,-19.857],[12.397,-19.699],[13.615,-17.484],[13.615,7.264],[12.108,9.639],[-9.873,19.992]],"c":true},"ix":2},"nm":"Trazado 3","mn":"ADBE Vector Shape - Group","hd":false},{"ty":"mm","mm":1,"nm":"Combinar trazados 1","mn":"ADBE Vector Filter - Merge","hd":false},{"ty":"fl","c":{"a":0,"k":[1,0.5569,0.2275,1],"ix":4},"o":{"a":0,"k":100,"ix":5},"r":1,"bm":0,"nm":"Relleno 1","mn":"ADBE Vector Graphic - Fill","hd":false},{"ty":"tr","p":{"a":0,"k":[34.45,28.538],"ix":2},"a":{"a":0,"k":[0,0],"ix":1},"s":{"a":0,"k":[100,100],"ix":3},"r":{"a":0,"k":0,"ix":6},"o":{"a":0,"k":100,"ix":7},"sk":{"a":0,"k":0,"ix":4},"sa":{"a":0,"k":0,"ix":5},"nm":"Transformar"}],"nm":"Grupo 4","np":5,"cix":2,"bm":0,"ix":4,"mn":"ADBE Vector Group","hd":false}],"ip":-16.0000006516934,"op":110.000004480392,"st":-16.0000006516934,"bm":0},{"ddd":0,"ind":11,"ty":4,"nm":"Caja 2 contornos","sr":1,"ks":{"o":{"a":0,"k":100,"ix":11},"r":{"a":1,"k":[{"i":{"x":[0.833],"y":[0.833]},"o":{"x":[0.167],"y":[0.167]},"t":20,"s":[-65]},{"t":40.0000016292334,"s":[0]}],"ix":10},"p":{"a":1,"k":[{"i":{"x":0.667,"y":1},"o":{"x":0.704,"y":0},"t":20,"s":[211.841,-124.093,0],"to":[0,65.099,0],"ti":[0,-65.099,0]},{"t":40.0000016292334,"s":[211.841,266.5,0]}],"ix":2,"l":2},"a":{"a":0,"k":[21.5,23.5,0],"ix":1,"l":2},"s":{"a":0,"k":[120,120,100],"ix":6,"l":2}},"ao":0,"shapes":[{"ty":"gr","it":[{"ind":0,"ty":"sh","ix":1,"ks":{"a":0,"k":{"i":[[1.449,0],[0,1.449],[0,0],[-0.244,0.408],[0,0],[-1.244,-0.75],[0.744,-1.244],[0,0],[0,0]],"o":[[-1.449,0],[0,0],[0,-0.474],[0,0],[0.745,-1.242],[1.243,0.745],[0,0],[0,0],[0,1.449]],"v":[[-4.241,12.143],[-6.865,9.52],[-6.865,4.387],[-6.492,3.038],[1.619,-10.492],[5.219,-11.393],[6.121,-7.794],[-1.617,5.113],[-1.617,9.52]],"c":true},"ix":2},"nm":"Trazado 1","mn":"ADBE Vector Shape - Group","hd":false},{"ty":"fl","c":{"a":0,"k":[1,0.5569,0.2275,1],"ix":4},"o":{"a":0,"k":100,"ix":5},"r":1,"bm":0,"nm":"Relleno 1","mn":"ADBE Vector Graphic - Fill","hd":false},{"ty":"tr","p":{"a":0,"k":[20.682,13.65],"ix":2},"a":{"a":0,"k":[0,0],"ix":1},"s":{"a":0,"k":[100,100],"ix":3},"r":{"a":0,"k":0,"ix":6},"o":{"a":0,"k":100,"ix":7},"sk":{"a":0,"k":0,"ix":4},"sa":{"a":0,"k":0,"ix":5},"nm":"Transformar"}],"nm":"Grupo 1","np":2,"cix":2,"bm":0,"ix":1,"mn":"ADBE Vector Group","hd":false},{"ty":"gr","it":[{"ind":0,"ty":"sh","ix":1,"ks":{"a":0,"k":{"i":[[0,0],[0,0]],"o":[[0,0],[0,0]],"v":[[4.056,5.369],[4.073,5.369]],"c":true},"ix":2},"nm":"Trazado 1","mn":"ADBE Vector Shape - Group","hd":false},{"ind":1,"ty":"sh","ix":2,"ks":{"a":0,"k":{"i":[[0,0],[0,0],[0,0],[0,0]],"o":[[0,0],[0,0],[0,0],[0,0]],"v":[[-1.432,-4.425],[-1.432,9.419],[1.432,4.643],[1.432,-9.201]],"c":true},"ix":2},"nm":"Trazado 2","mn":"ADBE Vector Shape - Group","hd":false},{"ind":2,"ty":"sh","ix":3,"ks":{"a":0,"k":{"i":[[0.905,0],[0.232,0.065],[0,1.18],[0,0],[-0.244,0.408],[0,0],[-1.136,-0.316],[0,-1.18],[0,0],[0.244,-0.409],[0,0]],"o":[[-0.232,0],[-1.137,-0.314],[0,0],[0,-0.474],[0,0],[0.607,-1.012],[1.136,0.314],[0,0],[0,0.475],[0,0],[-0.483,0.804]],"v":[[-4.055,21.526],[-4.755,21.43],[-6.68,18.902],[-6.68,-5.151],[-6.307,-6.5],[1.805,-20.031],[4.756,-21.21],[6.68,-18.682],[6.68,5.369],[6.307,6.719],[-1.805,20.252]],"c":true},"ix":2},"nm":"Trazado 3","mn":"ADBE Vector Shape - Group","hd":false},{"ty":"mm","mm":1,"nm":"Combinar trazados 1","mn":"ADBE Vector Filter - Merge","hd":false},{"ty":"fl","c":{"a":0,"k":[1,0.5569,0.2275,1],"ix":4},"o":{"a":0,"k":100,"ix":5},"r":1,"bm":0,"nm":"Relleno 1","mn":"ADBE Vector Graphic - Fill","hd":false},{"ty":"tr","p":{"a":0,"k":[35.777,24.827],"ix":2},"a":{"a":0,"k":[0,0],"ix":1},"s":{"a":0,"k":[100,100],"ix":3},"r":{"a":0,"k":0,"ix":6},"o":{"a":0,"k":100,"ix":7},"sk":{"a":0,"k":0,"ix":4},"sa":{"a":0,"k":0,"ix":5},"nm":"Transformar"}],"nm":"Grupo 2","np":5,"cix":2,"bm":0,"ix":2,"mn":"ADBE Vector Group","hd":false},{"ty":"gr","it":[{"ind":0,"ty":"sh","ix":1,"ks":{"a":0,"k":{"i":[[0,0],[0,0],[0,0],[0,0]],"o":[[0,0],[0,0],[0,0],[0,0]],"v":[[-14.064,3.061],[8.923,5.608],[14.064,-2.971],[-8.924,-5.518]],"c":true},"ix":2},"nm":"Trazado 1","mn":"ADBE Vector Shape - Group","hd":false},{"ind":1,"ty":"sh","ix":2,"ks":{"a":0,"k":{"i":[[0.915,0],[0.097,0.01],[0,0],[0.396,0.801],[-0.46,0.767],[0,0],[-1.011,-0.105],[0,0],[-0.397,-0.801],[0.459,-0.767],[0,0]],"o":[[-0.097,0],[0,0],[-0.889,-0.099],[-0.397,-0.8],[0,0],[0.529,-0.879],[0,0],[0.888,0.099],[0.397,0.8],[0,0],[-0.478,0.796]],"v":[[10.309,11.025],[10.019,11.01],[-18.706,7.827],[-20.768,6.384],[-20.667,3.869],[-12.559,-9.661],[-10.02,-10.92],[18.706,-7.737],[20.768,-6.294],[20.667,-3.779],[12.559,9.751]],"c":true},"ix":2},"nm":"Trazado 2","mn":"ADBE Vector Shape - Group","hd":false},{"ty":"mm","mm":1,"nm":"Combinar trazados 1","mn":"ADBE Vector Filter - Merge","hd":false},{"ty":"fl","c":{"a":0,"k":[1,0.5569,0.2275,1],"ix":4},"o":{"a":0,"k":100,"ix":5},"r":1,"bm":0,"nm":"Relleno 1","mn":"ADBE Vector Graphic - Fill","hd":false},{"ty":"tr","p":{"a":0,"k":[21.414,11.275],"ix":2},"a":{"a":0,"k":[0,0],"ix":1},"s":{"a":0,"k":[100,100],"ix":3},"r":{"a":0,"k":0,"ix":6},"o":{"a":0,"k":100,"ix":7},"sk":{"a":0,"k":0,"ix":4},"sa":{"a":0,"k":0,"ix":5},"nm":"Transformar"}],"nm":"Grupo 3","np":4,"cix":2,"bm":0,"ix":3,"mn":"ADBE Vector Group","hd":false},{"ty":"gr","it":[{"ind":0,"ty":"sh","ix":1,"ks":{"a":0,"k":{"i":[[0,0],[0,0],[0,0],[0,0]],"o":[[0,0],[0,0],[0,0],[0,0]],"v":[[-11.738,8.118],[11.738,10.718],[11.738,-8.054],[-11.738,-10.654]],"c":true},"ix":2},"nm":"Trazado 1","mn":"ADBE Vector Shape - Group","hd":false},{"ind":1,"ty":"sh","ix":2,"ks":{"a":0,"k":{"i":[[0.642,0],[0.097,0.01],[0,0],[0,1.337],[0,0],[-0.556,0.497],[-0.746,-0.08],[0,0],[0,-1.338],[0,0],[0.556,-0.497]],"o":[[-0.096,0],[0,0],[-1.329,-0.148],[0,0],[0,-0.746],[0.555,-0.499],[0,0],[1.33,0.147],[0,0],[0,0.747],[-0.484,0.434]],"v":[[14.363,16.273],[14.074,16.258],[-14.652,13.075],[-16.986,10.467],[-16.986,-13.584],[-16.113,-15.538],[-14.074,-16.193],[14.65,-13.012],[16.986,-10.403],[16.986,13.649],[16.113,15.604]],"c":true},"ix":2},"nm":"Trazado 2","mn":"ADBE Vector Shape - Group","hd":false},{"ty":"mm","mm":1,"nm":"Combinar trazados 1","mn":"ADBE Vector Filter - Merge","hd":false},{"ty":"fl","c":{"a":0,"k":[1,0.5569,0.2275,1],"ix":4},"o":{"a":0,"k":100,"ix":5},"r":1,"bm":0,"nm":"Relleno 1","mn":"ADBE Vector Graphic - Fill","hd":false},{"ty":"tr","p":{"a":0,"k":[17.36,30.078],"ix":2},"a":{"a":0,"k":[0,0],"ix":1},"s":{"a":0,"k":[100,100],"ix":3},"r":{"a":0,"k":0,"ix":6},"o":{"a":0,"k":100,"ix":7},"sk":{"a":0,"k":0,"ix":4},"sa":{"a":0,"k":0,"ix":5},"nm":"Transformar"}],"nm":"Grupo 4","np":4,"cix":2,"bm":0,"ix":4,"mn":"ADBE Vector Group","hd":false}],"ip":16.0000006516934,"op":104.000004236007,"st":16.0000006516934,"bm":0},{"ddd":0,"ind":12,"ty":4,"nm":"caja 1 contornos","sr":1,"ks":{"o":{"a":0,"k":100,"ix":11},"r":{"a":1,"k":[{"i":{"x":[0.833],"y":[0.833]},"o":{"x":[0.167],"y":[0.167]},"t":36,"s":[-50]},{"t":56.0000022809268,"s":[0]}],"ix":10},"p":{"a":1,"k":[{"i":{"x":0.667,"y":1},"o":{"x":0.804,"y":0},"t":36,"s":[257.193,-125.333,0],"to":[0,65.305,0],"ti":[0,-65.305,0]},{"t":56.0000022809268,"s":[257.193,266.5,0]}],"ix":2,"l":2},"a":{"a":0,"k":[24.5,25,0],"ix":1,"l":2},"s":{"a":0,"k":[120,120,100],"ix":6,"l":2}},"ao":0,"shapes":[{"ty":"gr","it":[{"ind":0,"ty":"sh","ix":1,"ks":{"a":0,"k":{"i":[[1.449,0],[0,1.449],[0,0],[0,0],[-0.531,1.348],[-1.347,-0.533],[0,0],[0,-1.078],[0,0]],"o":[[-1.449,0],[0,0],[0,0],[-1.347,-0.531],[0.532,-1.349],[0,0],[1.003,0.395],[0,0],[0,1.449]],"v":[[10.448,9.762],[7.824,7.138],[7.824,3.1],[-11.063,-4.347],[-12.541,-7.75],[-9.137,-9.229],[11.41,-1.127],[13.072,1.315],[13.072,7.138]],"c":true},"ix":2},"nm":"Trazado 1","mn":"ADBE Vector Shape - Group","hd":false},{"ty":"fl","c":{"a":0,"k":[1,0.5569,0.2275,1],"ix":4},"o":{"a":0,"k":100,"ix":5},"r":1,"bm":0,"nm":"Relleno 1","mn":"ADBE Vector Graphic - Fill","hd":false},{"ty":"tr","p":{"a":0,"k":[24.682,14.585],"ix":2},"a":{"a":0,"k":[0,0],"ix":1},"s":{"a":0,"k":[100,100],"ix":3},"r":{"a":0,"k":0,"ix":6},"o":{"a":0,"k":100,"ix":7},"sk":{"a":0,"k":0,"ix":4},"sa":{"a":0,"k":0,"ix":5},"nm":"Transformar"}],"nm":"Grupo 1","np":2,"cix":2,"bm":0,"ix":1,"mn":"ADBE Vector Group","hd":false},{"ty":"gr","it":[{"ind":0,"ty":"sh","ix":1,"ks":{"a":0,"k":{"i":[[0,0],[0,0],[0,0],[0,0]],"o":[[0,0],[0,0],[0,0],[0,0]],"v":[[-7.661,6.598],[7.661,12.643],[7.661,-6.462],[-7.661,-12.507]],"c":true},"ix":2},"nm":"Trazado 1","mn":"ADBE Vector Shape - Group","hd":false},{"ind":1,"ty":"sh","ix":2,"ks":{"a":0,"k":{"i":[[0.519,0],[0.311,0.123],[0,0],[0,1.078],[0,0],[-0.718,0.488],[-0.807,-0.318],[0,0],[0,-1.078],[0,0],[0.718,-0.489]],"o":[[-0.326,0],[0,0],[-1.002,-0.396],[0,0],[0,-0.868],[0.72,-0.489],[0,0],[1.003,0.397],[0,0],[0,0.868],[-0.442,0.301]],"v":[[10.285,19.122],[9.322,18.939],[-11.248,10.824],[-12.909,8.383],[-12.909,-16.363],[-11.761,-18.531],[-9.322,-18.803],[11.247,-10.689],[12.909,-8.249],[12.909,16.497],[11.76,18.667]],"c":true},"ix":2},"nm":"Trazado 2","mn":"ADBE Vector Shape - Group","hd":false},{"ty":"mm","mm":1,"nm":"Combinar trazados 1","mn":"ADBE Vector Filter - Merge","hd":false},{"ty":"fl","c":{"a":0,"k":[1,0.5569,0.2275,1],"ix":4},"o":{"a":0,"k":100,"ix":5},"r":1,"bm":0,"nm":"Relleno 1","mn":"ADBE Vector Graphic - Fill","hd":false},{"ty":"tr","p":{"a":0,"k":[13.17,29.657],"ix":2},"a":{"a":0,"k":[0,0],"ix":1},"s":{"a":0,"k":[100,100],"ix":3},"r":{"a":0,"k":0,"ix":6},"o":{"a":0,"k":100,"ix":7},"sk":{"a":0,"k":0,"ix":4},"sa":{"a":0,"k":0,"ix":5},"nm":"Transformar"}],"nm":"Grupo 2","np":4,"cix":2,"bm":0,"ix":2,"mn":"ADBE Vector Group","hd":false},{"ty":"gr","it":[{"ind":0,"ty":"sh","ix":1,"ks":{"a":0,"k":{"i":[[0,0],[0,0],[0,0],[0,0]],"o":[[0,0],[0,0],[0,0],[0,0]],"v":[[-14.654,0.951],[-0.809,6.411],[14.654,-0.872],[0.808,-6.331]],"c":true},"ix":2},"nm":"Trazado 1","mn":"ADBE Vector Shape - Group","hd":false},{"ind":1,"ty":"sh","ix":2,"ks":{"a":0,"k":{"i":[[0.383,0],[0.31,0.121],[0,0],[0.033,1.045],[-0.947,0.446],[0,0],[-0.674,-0.263],[0,0],[-0.034,-1.045],[0.946,-0.447],[0,0]],"o":[[-0.326,0],[0,0],[-0.973,-0.385],[-0.034,-1.047],[0,0],[0.655,-0.308],[0,0],[0.974,0.384],[0.034,1.047],[0,0],[-0.354,0.166]],"v":[[-0.717,11.893],[-1.68,11.71],[-22.228,3.605],[-23.887,1.249],[-22.383,-1.21],[-0.402,-11.562],[1.679,-11.63],[22.227,-3.527],[23.887,-1.171],[22.384,1.288],[0.401,11.643]],"c":true},"ix":2},"nm":"Trazado 2","mn":"ADBE Vector Shape - Group","hd":false},{"ty":"mm","mm":1,"nm":"Combinar trazados 1","mn":"ADBE Vector Filter - Merge","hd":false},{"ty":"fl","c":{"a":0,"k":[1,0.5569,0.2275,1],"ix":4},"o":{"a":0,"k":100,"ix":5},"r":1,"bm":0,"nm":"Relleno 1","mn":"ADBE Vector Graphic - Fill","hd":false},{"ty":"tr","p":{"a":0,"k":[24.171,12.143],"ix":2},"a":{"a":0,"k":[0,0],"ix":1},"s":{"a":0,"k":[100,100],"ix":3},"r":{"a":0,"k":0,"ix":6},"o":{"a":0,"k":100,"ix":7},"sk":{"a":0,"k":0,"ix":4},"sa":{"a":0,"k":0,"ix":5},"nm":"Transformar"}],"nm":"Grupo 3","np":4,"cix":2,"bm":0,"ix":3,"mn":"ADBE Vector Group","hd":false},{"ty":"gr","it":[{"ind":0,"ty":"sh","ix":1,"ks":{"a":0,"k":{"i":[[0,0],[0,0]],"o":[[0,0],[0,0]],"v":[[10.991,7.264],[11.008,7.264]],"c":true},"ix":2},"nm":"Trazado 1","mn":"ADBE Vector Shape - Group","hd":false},{"ind":1,"ty":"sh","ix":2,"ks":{"a":0,"k":{"i":[[0,0],[0,0],[0,0],[0,0]],"o":[[0,0],[0,0],[0,0],[0,0]],"v":[[-8.367,-5.467],[-8.367,13.48],[8.367,5.6],[8.367,-13.348]],"c":true},"ix":2},"nm":"Trazado 2","mn":"ADBE Vector Shape - Group","hd":false},{"ind":2,"ty":"sh","ix":3,"ks":{"a":0,"k":{"i":[[0.381,0],[0.427,0.271],[0,0.899],[0,0],[-0.919,0.434],[0,0],[-0.76,-0.484],[0,-0.898],[0,0],[0.921,-0.433],[0,0]],"o":[[-0.49,0],[-0.759,-0.482],[0,0],[0,-1.016],[0,0],[0.813,-0.383],[0.758,0.481],[0,0],[0,1.016],[0,0],[-0.355,0.167]],"v":[[-10.991,20.24],[-12.397,19.833],[-13.615,17.617],[-13.615,-7.132],[-12.109,-9.506],[9.874,-19.857],[12.397,-19.699],[13.615,-17.484],[13.615,7.264],[12.108,9.639],[-9.873,19.992]],"c":true},"ix":2},"nm":"Trazado 3","mn":"ADBE Vector Shape - Group","hd":false},{"ty":"mm","mm":1,"nm":"Combinar trazados 1","mn":"ADBE Vector Filter - Merge","hd":false},{"ty":"fl","c":{"a":0,"k":[1,0.5569,0.2275,1],"ix":4},"o":{"a":0,"k":100,"ix":5},"r":1,"bm":0,"nm":"Relleno 1","mn":"ADBE Vector Graphic - Fill","hd":false},{"ty":"tr","p":{"a":0,"k":[34.45,28.538],"ix":2},"a":{"a":0,"k":[0,0],"ix":1},"s":{"a":0,"k":[100,100],"ix":3},"r":{"a":0,"k":0,"ix":6},"o":{"a":0,"k":100,"ix":7},"sk":{"a":0,"k":0,"ix":4},"sa":{"a":0,"k":0,"ix":5},"nm":"Transformar"}],"nm":"Grupo 4","np":5,"cix":2,"bm":0,"ix":4,"mn":"ADBE Vector Group","hd":false}],"ip":16.0000006516934,"op":99.0000040323527,"st":16.0000006516934,"bm":0},{"ddd":0,"ind":13,"ty":4,"nm":"Caja 2 contornos","sr":1,"ks":{"o":{"a":0,"k":100,"ix":11},"r":{"a":1,"k":[{"i":{"x":[0.833],"y":[0.833]},"o":{"x":[0.167],"y":[0.167]},"t":55,"s":[-65]},{"t":75.0000030548126,"s":[0]}],"ix":10},"p":{"a":1,"k":[{"i":{"x":0.667,"y":1},"o":{"x":0.704,"y":0},"t":55,"s":[190.359,-124.093,0],"to":[0,65.099,0],"ti":[0,-65.099,0]},{"t":75.0000030548126,"s":[190.359,266.5,0]}],"ix":2,"l":2},"a":{"a":0,"k":[21.5,23.5,0],"ix":1,"l":2},"s":{"a":0,"k":[120,120,100],"ix":6,"l":2}},"ao":0,"shapes":[{"ty":"gr","it":[{"ind":0,"ty":"sh","ix":1,"ks":{"a":0,"k":{"i":[[1.449,0],[0,1.449],[0,0],[-0.244,0.408],[0,0],[-1.244,-0.75],[0.744,-1.244],[0,0],[0,0]],"o":[[-1.449,0],[0,0],[0,-0.474],[0,0],[0.745,-1.242],[1.243,0.745],[0,0],[0,0],[0,1.449]],"v":[[-4.241,12.143],[-6.865,9.52],[-6.865,4.387],[-6.492,3.038],[1.619,-10.492],[5.219,-11.393],[6.121,-7.794],[-1.617,5.113],[-1.617,9.52]],"c":true},"ix":2},"nm":"Trazado 1","mn":"ADBE Vector Shape - Group","hd":false},{"ty":"fl","c":{"a":0,"k":[1,0.5569,0.2275,1],"ix":4},"o":{"a":0,"k":100,"ix":5},"r":1,"bm":0,"nm":"Relleno 1","mn":"ADBE Vector Graphic - Fill","hd":false},{"ty":"tr","p":{"a":0,"k":[20.682,13.65],"ix":2},"a":{"a":0,"k":[0,0],"ix":1},"s":{"a":0,"k":[100,100],"ix":3},"r":{"a":0,"k":0,"ix":6},"o":{"a":0,"k":100,"ix":7},"sk":{"a":0,"k":0,"ix":4},"sa":{"a":0,"k":0,"ix":5},"nm":"Transformar"}],"nm":"Grupo 1","np":2,"cix":2,"bm":0,"ix":1,"mn":"ADBE Vector Group","hd":false},{"ty":"gr","it":[{"ind":0,"ty":"sh","ix":1,"ks":{"a":0,"k":{"i":[[0,0],[0,0]],"o":[[0,0],[0,0]],"v":[[4.056,5.369],[4.073,5.369]],"c":true},"ix":2},"nm":"Trazado 1","mn":"ADBE Vector Shape - Group","hd":false},{"ind":1,"ty":"sh","ix":2,"ks":{"a":0,"k":{"i":[[0,0],[0,0],[0,0],[0,0]],"o":[[0,0],[0,0],[0,0],[0,0]],"v":[[-1.432,-4.425],[-1.432,9.419],[1.432,4.643],[1.432,-9.201]],"c":true},"ix":2},"nm":"Trazado 2","mn":"ADBE Vector Shape - Group","hd":false},{"ind":2,"ty":"sh","ix":3,"ks":{"a":0,"k":{"i":[[0.905,0],[0.232,0.065],[0,1.18],[0,0],[-0.244,0.408],[0,0],[-1.136,-0.316],[0,-1.18],[0,0],[0.244,-0.409],[0,0]],"o":[[-0.232,0],[-1.137,-0.314],[0,0],[0,-0.474],[0,0],[0.607,-1.012],[1.136,0.314],[0,0],[0,0.475],[0,0],[-0.483,0.804]],"v":[[-4.055,21.526],[-4.755,21.43],[-6.68,18.902],[-6.68,-5.151],[-6.307,-6.5],[1.805,-20.031],[4.756,-21.21],[6.68,-18.682],[6.68,5.369],[6.307,6.719],[-1.805,20.252]],"c":true},"ix":2},"nm":"Trazado 3","mn":"ADBE Vector Shape - Group","hd":false},{"ty":"mm","mm":1,"nm":"Combinar trazados 1","mn":"ADBE Vector Filter - Merge","hd":false},{"ty":"fl","c":{"a":0,"k":[1,0.5569,0.2275,1],"ix":4},"o":{"a":0,"k":100,"ix":5},"r":1,"bm":0,"nm":"Relleno 1","mn":"ADBE Vector Graphic - Fill","hd":false},{"ty":"tr","p":{"a":0,"k":[35.777,24.827],"ix":2},"a":{"a":0,"k":[0,0],"ix":1},"s":{"a":0,"k":[100,100],"ix":3},"r":{"a":0,"k":0,"ix":6},"o":{"a":0,"k":100,"ix":7},"sk":{"a":0,"k":0,"ix":4},"sa":{"a":0,"k":0,"ix":5},"nm":"Transformar"}],"nm":"Grupo 2","np":5,"cix":2,"bm":0,"ix":2,"mn":"ADBE Vector Group","hd":false},{"ty":"gr","it":[{"ind":0,"ty":"sh","ix":1,"ks":{"a":0,"k":{"i":[[0,0],[0,0],[0,0],[0,0]],"o":[[0,0],[0,0],[0,0],[0,0]],"v":[[-14.064,3.061],[8.923,5.608],[14.064,-2.971],[-8.924,-5.518]],"c":true},"ix":2},"nm":"Trazado 1","mn":"ADBE Vector Shape - Group","hd":false},{"ind":1,"ty":"sh","ix":2,"ks":{"a":0,"k":{"i":[[0.915,0],[0.097,0.01],[0,0],[0.396,0.801],[-0.46,0.767],[0,0],[-1.011,-0.105],[0,0],[-0.397,-0.801],[0.459,-0.767],[0,0]],"o":[[-0.097,0],[0,0],[-0.889,-0.099],[-0.397,-0.8],[0,0],[0.529,-0.879],[0,0],[0.888,0.099],[0.397,0.8],[0,0],[-0.478,0.796]],"v":[[10.309,11.025],[10.019,11.01],[-18.706,7.827],[-20.768,6.384],[-20.667,3.869],[-12.559,-9.661],[-10.02,-10.92],[18.706,-7.737],[20.768,-6.294],[20.667,-3.779],[12.559,9.751]],"c":true},"ix":2},"nm":"Trazado 2","mn":"ADBE Vector Shape - Group","hd":false},{"ty":"mm","mm":1,"nm":"Combinar trazados 1","mn":"ADBE Vector Filter - Merge","hd":false},{"ty":"fl","c":{"a":0,"k":[1,0.5569,0.2275,1],"ix":4},"o":{"a":0,"k":100,"ix":5},"r":1,"bm":0,"nm":"Relleno 1","mn":"ADBE Vector Graphic - Fill","hd":false},{"ty":"tr","p":{"a":0,"k":[21.414,11.275],"ix":2},"a":{"a":0,"k":[0,0],"ix":1},"s":{"a":0,"k":[100,100],"ix":3},"r":{"a":0,"k":0,"ix":6},"o":{"a":0,"k":100,"ix":7},"sk":{"a":0,"k":0,"ix":4},"sa":{"a":0,"k":0,"ix":5},"nm":"Transformar"}],"nm":"Grupo 3","np":4,"cix":2,"bm":0,"ix":3,"mn":"ADBE Vector Group","hd":false},{"ty":"gr","it":[{"ind":0,"ty":"sh","ix":1,"ks":{"a":0,"k":{"i":[[0,0],[0,0],[0,0],[0,0]],"o":[[0,0],[0,0],[0,0],[0,0]],"v":[[-11.738,8.118],[11.738,10.718],[11.738,-8.054],[-11.738,-10.654]],"c":true},"ix":2},"nm":"Trazado 1","mn":"ADBE Vector Shape - Group","hd":false},{"ind":1,"ty":"sh","ix":2,"ks":{"a":0,"k":{"i":[[0.642,0],[0.097,0.01],[0,0],[0,1.337],[0,0],[-0.556,0.497],[-0.746,-0.08],[0,0],[0,-1.338],[0,0],[0.556,-0.497]],"o":[[-0.096,0],[0,0],[-1.329,-0.148],[0,0],[0,-0.746],[0.555,-0.499],[0,0],[1.33,0.147],[0,0],[0,0.747],[-0.484,0.434]],"v":[[14.363,16.273],[14.074,16.258],[-14.652,13.075],[-16.986,10.467],[-16.986,-13.584],[-16.113,-15.538],[-14.074,-16.193],[14.65,-13.012],[16.986,-10.403],[16.986,13.649],[16.113,15.604]],"c":true},"ix":2},"nm":"Trazado 2","mn":"ADBE Vector Shape - Group","hd":false},{"ty":"mm","mm":1,"nm":"Combinar trazados 1","mn":"ADBE Vector Filter - Merge","hd":false},{"ty":"fl","c":{"a":0,"k":[1,0.5569,0.2275,1],"ix":4},"o":{"a":0,"k":100,"ix":5},"r":1,"bm":0,"nm":"Relleno 1","mn":"ADBE Vector Graphic - Fill","hd":false},{"ty":"tr","p":{"a":0,"k":[17.36,30.078],"ix":2},"a":{"a":0,"k":[0,0],"ix":1},"s":{"a":0,"k":[100,100],"ix":3},"r":{"a":0,"k":0,"ix":6},"o":{"a":0,"k":100,"ix":7},"sk":{"a":0,"k":0,"ix":4},"sa":{"a":0,"k":0,"ix":5},"nm":"Transformar"}],"nm":"Grupo 4","np":4,"cix":2,"bm":0,"ix":4,"mn":"ADBE Vector Group","hd":false}],"ip":51.0000020772726,"op":97.000003950891,"st":51.0000020772726,"bm":0},{"ddd":0,"ind":14,"ty":4,"nm":"Caja 3 contornos","sr":1,"ks":{"o":{"a":0,"k":100,"ix":11},"r":{"a":0,"k":0,"ix":10},"p":{"a":1,"k":[{"i":{"x":0.667,"y":1},"o":{"x":0.804,"y":0},"t":78,"s":[234.517,-139.283,0],"to":[0,67.63,0],"ti":[0,-67.63,0]},{"t":98.0000039916218,"s":[234.517,266.5,0]}],"ix":2,"l":2},"a":{"a":0,"k":[30,33,0],"ix":1,"l":2},"s":{"a":0,"k":[120,120,100],"ix":6,"l":2}},"ao":0,"shapes":[{"ty":"gr","it":[{"ind":0,"ty":"sh","ix":1,"ks":{"a":0,"k":{"i":[[0.42,0],[0.475,0.88],[-1.276,0.689],[0,0],[-0.689,-1.276],[1.276,-0.688],[0,0]],"o":[[-0.933,0],[-0.689,-1.276],[0,0],[1.276,-0.688],[0.688,1.277],[0,0],[-0.397,0.213]],"v":[[-7.333,6.766],[-9.644,5.387],[-8.579,1.831],[6.089,-6.077],[9.645,-5.014],[8.58,-1.458],[-6.089,6.452]],"c":true},"ix":2},"nm":"Trazado 1","mn":"ADBE Vector Shape - Group","hd":false},{"ty":"fl","c":{"a":0,"k":[1,0.5569,0.2275,1],"ix":4},"o":{"a":0,"k":100,"ix":5},"r":1,"bm":0,"nm":"Relleno 1","mn":"ADBE Vector Graphic - Fill","hd":false},{"ty":"tr","p":{"a":0,"k":[23.15,19.001],"ix":2},"a":{"a":0,"k":[0,0],"ix":1},"s":{"a":0,"k":[100,100],"ix":3},"r":{"a":0,"k":0,"ix":6},"o":{"a":0,"k":100,"ix":7},"sk":{"a":0,"k":0,"ix":4},"sa":{"a":0,"k":0,"ix":5},"nm":"Transformar"}],"nm":"Grupo 1","np":2,"cix":2,"bm":0,"ix":1,"mn":"ADBE Vector Group","hd":false},{"ty":"gr","it":[{"ind":0,"ty":"sh","ix":1,"ks":{"a":0,"k":{"i":[[0,0],[0,0],[0,0],[0,0]],"o":[[0,0],[0,0],[0,0],[0,0]],"v":[[-8.042,-5.38],[-8.042,13.949],[8.042,5.507],[8.042,-13.822]],"c":true},"ix":2},"nm":"Trazado 1","mn":"ADBE Vector Shape - Group","hd":false},{"ind":1,"ty":"sh","ix":2,"ks":{"a":0,"k":{"i":[[0.419,0],[0.417,0.251],[0,0.919],[0,0],[-0.862,0.452],[0,0],[-0.787,-0.478],[0,-0.919],[0,0],[0.862,-0.452],[0,0]],"o":[[-0.471,0],[-0.786,-0.476],[0,0],[0,-0.975],[0,0],[0.815,-0.429],[0.786,0.475],[0,0],[0,0.976],[0,0],[-0.383,0.202]],"v":[[-10.667,20.915],[-12.025,20.536],[-13.29,18.29],[-13.29,-6.967],[-11.887,-9.29],[9.447,-20.486],[12.024,-20.408],[13.29,-18.163],[13.29,7.092],[11.887,9.415],[-9.447,20.613]],"c":true},"ix":2},"nm":"Trazado 2","mn":"ADBE Vector Shape - Group","hd":false},{"ty":"mm","mm":1,"nm":"Combinar trazados 1","mn":"ADBE Vector Filter - Merge","hd":false},{"ty":"fl","c":{"a":0,"k":[1,0.5569,0.2275,1],"ix":4},"o":{"a":0,"k":100,"ix":5},"r":1,"bm":0,"nm":"Relleno 1","mn":"ADBE Vector Graphic - Fill","hd":false},{"ty":"tr","p":{"a":0,"k":[41.151,44.593],"ix":2},"a":{"a":0,"k":[0,0],"ix":1},"s":{"a":0,"k":[100,100],"ix":3},"r":{"a":0,"k":0,"ix":6},"o":{"a":0,"k":100,"ix":7},"sk":{"a":0,"k":0,"ix":4},"sa":{"a":0,"k":0,"ix":5},"nm":"Transformar"}],"nm":"Grupo 2","np":4,"cix":2,"bm":0,"ix":2,"mn":"ADBE Vector Group","hd":false},{"ty":"gr","it":[{"ind":0,"ty":"sh","ix":1,"ks":{"a":1,"k":[{"i":{"x":0.667,"y":1},"o":{"x":0.333,"y":0},"t":83,"s":[{"i":[[0,0],[0,0],[0,0],[0,0]],"o":[[0,0],[0,0],[0,0],[0,0]],"v":[[-9.719,-0.661],[6.933,8.079],[4.497,0.757],[-12.901,-8.232]],"c":true}]},{"i":{"x":0.667,"y":1},"o":{"x":0.333,"y":0},"t":85,"s":[{"i":[[0,0],[0,0],[0,0],[0,0]],"o":[[0,0],[0,0],[0,0],[0,0]],"v":[[-9.719,-0.661],[6.933,8.079],[11.21,2.994],[-5.193,-6.492]],"c":true}]},{"i":{"x":0.667,"y":1},"o":{"x":0.333,"y":0},"t":87,"s":[{"i":[[0,0],[0,0],[0,0],[0,0]],"o":[[0,0],[0,0],[0,0],[0,0]],"v":[[-9.719,-0.661],[6.933,8.079],[4.497,0.757],[-12.901,-8.232]],"c":true}]},{"i":{"x":0.667,"y":1},"o":{"x":0.333,"y":0},"t":89,"s":[{"i":[[0,0],[0,0],[0,0],[0,0]],"o":[[0,0],[0,0],[0,0],[0,0]],"v":[[-9.719,-0.661],[6.933,8.079],[11.21,2.994],[-5.193,-6.492]],"c":true}]},{"i":{"x":0.667,"y":1},"o":{"x":0.333,"y":0},"t":91,"s":[{"i":[[0,0],[0,0],[0,0],[0,0]],"o":[[0,0],[0,0],[0,0],[0,0]],"v":[[-9.719,-0.661],[6.933,8.079],[4.497,0.757],[-12.901,-8.232]],"c":true}]},{"i":{"x":0.667,"y":1},"o":{"x":0.333,"y":0},"t":94,"s":[{"i":[[0,0],[0,0],[0,0],[0,0]],"o":[[0,0],[0,0],[0,0],[0,0]],"v":[[-9.719,-0.661],[6.933,8.079],[11.21,2.994],[-5.193,-6.492]],"c":true}]},{"t":97.000003950891,"s":[{"i":[[0,0],[0,0],[0,0],[0,0]],"o":[[0,0],[0,0],[0,0],[0,0]],"v":[[-9.719,-0.661],[6.933,8.079],[6.362,0.011],[-10.29,-8.729]],"c":true}]}],"ix":2},"nm":"Trazado 1","mn":"ADBE Vector Shape - Group","hd":false},{"ind":1,"ty":"sh","ix":2,"ks":{"a":1,"k":[{"i":{"x":0.667,"y":1},"o":{"x":0.333,"y":0},"t":83,"s":[{"i":[[0.314,0],[0.381,0.2],[0,0],[-0.471,1.24],[0,0],[-0.702,0.265],[-0.666,-0.349],[0,0],[0.472,-1.241],[0,0],[0.702,-0.265]],"o":[[-0.42,0],[0,0],[-1.175,-0.616],[0,0],[0.269,-0.702],[0.704,-0.268],[0,0],[1.175,0.616],[0,0],[-0.268,0.703],[-0.3,0.114]],"v":[[8.334,14.402],[7.114,14.102],[-14.219,2.904],[-15.452,-0.352],[-16.755,-12.863],[-15.231,-14.383],[-13.082,-14.253],[8.997,-2.808],[10.23,0.448],[10.787,12.71],[9.262,14.232]],"c":true}]},{"i":{"x":0.667,"y":1},"o":{"x":0.333,"y":0},"t":85,"s":[{"i":[[0.314,0],[0.381,0.2],[0,0],[-0.471,1.24],[0,0],[-0.702,0.265],[-0.666,-0.349],[0,0],[0.472,-1.241],[0,0],[0.702,-0.265]],"o":[[-0.42,0],[0,0],[-1.175,-0.616],[0,0],[0.269,-0.702],[0.704,-0.268],[0,0],[1.175,0.616],[0,0],[-0.268,0.703],[-0.3,0.114]],"v":[[8.334,14.402],[7.114,14.102],[-14.219,2.904],[-15.452,-0.352],[-9.047,-11.123],[-7.523,-12.643],[-5.374,-12.513],[15.71,-0.571],[16.943,2.685],[10.787,12.71],[9.262,14.232]],"c":true}]},{"i":{"x":0.667,"y":1},"o":{"x":0.333,"y":0},"t":87,"s":[{"i":[[0.314,0],[0.381,0.2],[0,0],[-0.471,1.24],[0,0],[-0.702,0.265],[-0.666,-0.349],[0,0],[0.472,-1.241],[0,0],[0.702,-0.265]],"o":[[-0.42,0],[0,0],[-1.175,-0.616],[0,0],[0.269,-0.702],[0.704,-0.268],[0,0],[1.175,0.616],[0,0],[-0.268,0.703],[-0.3,0.114]],"v":[[8.334,14.402],[7.114,14.102],[-14.219,2.904],[-15.452,-0.352],[-16.755,-12.863],[-15.231,-14.383],[-13.082,-14.253],[8.997,-2.808],[10.23,0.448],[10.787,12.71],[9.262,14.232]],"c":true}]},{"i":{"x":0.667,"y":1},"o":{"x":0.333,"y":0},"t":89,"s":[{"i":[[0.314,0],[0.381,0.2],[0,0],[-0.471,1.24],[0,0],[-0.702,0.265],[-0.666,-0.349],[0,0],[0.472,-1.241],[0,0],[0.702,-0.265]],"o":[[-0.42,0],[0,0],[-1.175,-0.616],[0,0],[0.269,-0.702],[0.704,-0.268],[0,0],[1.175,0.616],[0,0],[-0.268,0.703],[-0.3,0.114]],"v":[[8.334,14.402],[7.114,14.102],[-14.219,2.904],[-15.452,-0.352],[-9.047,-11.123],[-7.523,-12.643],[-5.374,-12.513],[15.71,-0.571],[16.943,2.685],[10.787,12.71],[9.262,14.232]],"c":true}]},{"i":{"x":0.667,"y":1},"o":{"x":0.333,"y":0},"t":91,"s":[{"i":[[0.314,0],[0.381,0.2],[0,0],[-0.471,1.24],[0,0],[-0.702,0.265],[-0.666,-0.349],[0,0],[0.472,-1.241],[0,0],[0.702,-0.265]],"o":[[-0.42,0],[0,0],[-1.175,-0.616],[0,0],[0.269,-0.702],[0.704,-0.268],[0,0],[1.175,0.616],[0,0],[-0.268,0.703],[-0.3,0.114]],"v":[[8.334,14.402],[7.114,14.102],[-14.219,2.904],[-15.452,-0.352],[-16.755,-12.863],[-15.231,-14.383],[-13.082,-14.253],[8.997,-2.808],[10.23,0.448],[10.787,12.71],[9.262,14.232]],"c":true}]},{"i":{"x":0.667,"y":1},"o":{"x":0.333,"y":0},"t":94,"s":[{"i":[[0.314,0],[0.381,0.2],[0,0],[-0.471,1.24],[0,0],[-0.702,0.265],[-0.666,-0.349],[0,0],[0.472,-1.241],[0,0],[0.702,-0.265]],"o":[[-0.42,0],[0,0],[-1.175,-0.616],[0,0],[0.269,-0.702],[0.704,-0.268],[0,0],[1.175,0.616],[0,0],[-0.268,0.703],[-0.3,0.114]],"v":[[8.333,14.402],[7.114,14.102],[-14.219,2.904],[-15.452,-0.352],[-9.047,-11.123],[-7.523,-12.643],[-5.374,-12.513],[15.71,-0.571],[16.943,2.685],[10.787,12.71],[9.262,14.232]],"c":true}]},{"t":97.000003950891,"s":[{"i":[[0.314,0],[0.381,0.2],[0,0],[-0.471,1.24],[0,0],[-0.702,0.265],[-0.666,-0.349],[0,0],[0.472,-1.241],[0,0],[0.702,-0.265]],"o":[[-0.42,0],[0,0],[-1.175,-0.616],[0,0],[0.269,-0.702],[0.704,-0.268],[0,0],[1.175,0.616],[0,0],[-0.268,0.703],[-0.3,0.114]],"v":[[8.334,14.402],[7.114,14.102],[-14.219,2.904],[-15.452,-0.352],[-14.144,-13.36],[-12.62,-14.88],[-10.471,-14.75],[10.862,-3.554],[12.095,-0.298],[10.787,12.71],[9.263,14.232]],"c":true}]}],"ix":2},"nm":"Trazado 2","mn":"ADBE Vector Shape - Group","hd":false},{"ty":"mm","mm":1,"nm":"Combinar trazados 1","mn":"ADBE Vector Filter - Merge","hd":false},{"ty":"fl","c":{"a":0,"k":[1,0.5569,0.2275,1],"ix":4},"o":{"a":0,"k":100,"ix":5},"r":1,"bm":0,"nm":"Relleno 1","mn":"ADBE Vector Graphic - Fill","hd":false},{"ty":"tr","p":{"a":0,"k":[43.484,14.653],"ix":2},"a":{"a":0,"k":[0,0],"ix":1},"s":{"a":0,"k":[100,100],"ix":3},"r":{"a":0,"k":0,"ix":6},"o":{"a":0,"k":100,"ix":7},"sk":{"a":0,"k":0,"ix":4},"sa":{"a":0,"k":0,"ix":5},"nm":"Transformar"}],"nm":"Grupo 3","np":4,"cix":2,"bm":0,"ix":3,"mn":"ADBE Vector Group","hd":false},{"ty":"gr","it":[{"ind":0,"ty":"sh","ix":1,"ks":{"a":1,"k":[{"i":{"x":0.833,"y":0.833},"o":{"x":0.167,"y":0.167},"t":83,"s":[{"i":[[0,0],[0,0],[0,0],[0,0]],"o":[[0,0],[0,0],[0,0],[0,0]],"v":[[-5.775,-2.477],[6.546,3.992],[5.777,2.726],[-6.544,-3.743]],"c":true}]},{"i":{"x":0.833,"y":0.833},"o":{"x":0.167,"y":0.167},"t":85,"s":[{"i":[[0,0],[0,0],[0,0],[0,0]],"o":[[0,0],[0,0],[0,0],[0,0]],"v":[[-5.775,-2.477],[6.567,4.614],[8.657,3.596],[-3.685,-3.494]],"c":true}]},{"i":{"x":0.833,"y":0.833},"o":{"x":0.167,"y":0.167},"t":87,"s":[{"i":[[0,0],[0,0],[0,0],[0,0]],"o":[[0,0],[0,0],[0,0],[0,0]],"v":[[-5.775,-2.477],[6.546,3.992],[5.777,2.726],[-6.544,-3.743]],"c":true}]},{"i":{"x":0.833,"y":0.833},"o":{"x":0.167,"y":0.167},"t":89,"s":[{"i":[[0,0],[0,0],[0,0],[0,0]],"o":[[0,0],[0,0],[0,0],[0,0]],"v":[[-5.775,-2.477],[6.567,4.614],[8.657,3.596],[-3.685,-3.494]],"c":true}]},{"i":{"x":0.833,"y":0.833},"o":{"x":0.167,"y":0.167},"t":91,"s":[{"i":[[0,0],[0,0],[0,0],[0,0]],"o":[[0,0],[0,0],[0,0],[0,0]],"v":[[-5.775,-2.477],[6.546,3.992],[5.777,2.726],[-6.544,-3.743]],"c":true}]},{"i":{"x":0.833,"y":0.833},"o":{"x":0.167,"y":0.167},"t":94,"s":[{"i":[[0,0],[0,0],[0,0],[0,0]],"o":[[0,0],[0,0],[0,0],[0,0]],"v":[[-5.775,-2.477],[6.567,4.614],[8.657,3.596],[-3.685,-3.494]],"c":true}]},{"t":97.000003950891,"s":[{"i":[[0,0],[0,0],[0,0],[0,0]],"o":[[0,0],[0,0],[0,0],[0,0]],"v":[[-5.775,-2.477],[6.546,3.992],[5.777,2.726],[-6.544,-3.743]],"c":true}]}],"ix":2},"nm":"Trazado 1","mn":"ADBE Vector Shape - Group","hd":false},{"ind":1,"ty":"sh","ix":2,"ks":{"a":1,"k":[{"i":{"x":0.833,"y":0.833},"o":{"x":0.167,"y":0.167},"t":83,"s":[{"i":[[0.707,0],[0.386,0.203],[0,0],[0.247,0.408],[0,0],[-0.808,0.859],[-1.047,-0.55],[0,0],[-0.247,-0.408],[0,0],[0.808,-0.859]],"o":[[-0.413,0],[0,0],[-0.422,-0.222],[0,0],[-0.612,-1.008],[0.805,-0.858],[0,0],[0.422,0.222],[0,0],[0.611,1.008],[-0.509,0.541]],"v":[[13.688,13.33],[12.47,13.029],[-8.861,1.831],[-9.883,0.87],[-15.932,-9.095],[-15.602,-12.253],[-12.471,-12.78],[8.862,-1.582],[9.885,-0.62],[15.934,9.344],[15.602,12.503]],"c":true}]},{"i":{"x":0.833,"y":0.833},"o":{"x":0.167,"y":0.167},"t":85,"s":[{"i":[[0.707,0],[0.386,0.203],[0,0],[0.247,0.408],[0,0],[-0.808,0.859],[-1.047,-0.55],[0,0],[-0.247,-0.408],[0,0],[0.808,-0.859]],"o":[[-0.413,0],[0,0],[-0.422,-0.222],[0,0],[-0.612,-1.008],[0.805,-0.858],[0,0],[0.422,0.222],[0,0],[0.611,1.008],[-0.509,0.541]],"v":[[13.688,13.33],[12.47,13.029],[-8.861,1.831],[-9.883,0.87],[-13.073,-8.846],[-12.742,-12.004],[-9.611,-12.531],[11.742,-0.712],[12.765,0.623],[15.934,9.344],[15.602,12.503]],"c":true}]},{"i":{"x":0.833,"y":0.833},"o":{"x":0.167,"y":0.167},"t":87,"s":[{"i":[[0.707,0],[0.386,0.203],[0,0],[0.247,0.408],[0,0],[-0.808,0.859],[-1.047,-0.55],[0,0],[-0.247,-0.408],[0,0],[0.808,-0.859]],"o":[[-0.413,0],[0,0],[-0.422,-0.222],[0,0],[-0.612,-1.008],[0.805,-0.858],[0,0],[0.422,0.222],[0,0],[0.611,1.008],[-0.509,0.541]],"v":[[13.688,13.33],[12.47,13.029],[-8.861,1.831],[-9.883,0.87],[-15.932,-9.095],[-15.602,-12.253],[-12.471,-12.78],[8.862,-1.582],[9.885,-0.62],[15.934,9.344],[15.602,12.503]],"c":true}]},{"i":{"x":0.833,"y":0.833},"o":{"x":0.167,"y":0.167},"t":89,"s":[{"i":[[0.707,0],[0.386,0.203],[0,0],[0.247,0.408],[0,0],[-0.808,0.859],[-1.047,-0.55],[0,0],[-0.247,-0.408],[0,0],[0.808,-0.859]],"o":[[-0.413,0],[0,0],[-0.422,-0.222],[0,0],[-0.612,-1.008],[0.805,-0.858],[0,0],[0.422,0.222],[0,0],[0.611,1.008],[-0.509,0.541]],"v":[[13.688,13.33],[12.47,13.029],[-8.861,1.831],[-9.883,0.87],[-13.073,-8.846],[-12.742,-12.004],[-9.611,-12.531],[11.742,-0.712],[12.765,0.623],[15.934,9.344],[15.602,12.503]],"c":true}]},{"i":{"x":0.833,"y":0.833},"o":{"x":0.167,"y":0.167},"t":91,"s":[{"i":[[0.707,0],[0.386,0.203],[0,0],[0.247,0.408],[0,0],[-0.808,0.859],[-1.047,-0.55],[0,0],[-0.247,-0.408],[0,0],[0.808,-0.859]],"o":[[-0.413,0],[0,0],[-0.422,-0.222],[0,0],[-0.612,-1.008],[0.805,-0.858],[0,0],[0.422,0.222],[0,0],[0.611,1.008],[-0.509,0.541]],"v":[[13.688,13.33],[12.47,13.029],[-8.861,1.831],[-9.883,0.87],[-15.932,-9.095],[-15.602,-12.253],[-12.471,-12.78],[8.862,-1.582],[9.885,-0.62],[15.934,9.344],[15.602,12.503]],"c":true}]},{"i":{"x":0.833,"y":0.833},"o":{"x":0.167,"y":0.167},"t":94,"s":[{"i":[[0.707,0],[0.386,0.203],[0,0],[0.247,0.408],[0,0],[-0.808,0.859],[-1.047,-0.55],[0,0],[-0.247,-0.408],[0,0],[0.808,-0.859]],"o":[[-0.413,0],[0,0],[-0.422,-0.222],[0,0],[-0.612,-1.008],[0.805,-0.858],[0,0],[0.422,0.222],[0,0],[0.611,1.008],[-0.509,0.541]],"v":[[13.688,13.33],[12.47,13.029],[-8.861,1.831],[-9.883,0.87],[-13.073,-8.846],[-12.742,-12.004],[-9.611,-12.531],[11.742,-0.712],[12.765,0.623],[15.934,9.344],[15.602,12.503]],"c":true}]},{"t":97.000003950891,"s":[{"i":[[0.707,0],[0.386,0.203],[0,0],[0.247,0.408],[0,0],[-0.808,0.859],[-1.047,-0.55],[0,0],[-0.247,-0.408],[0,0],[0.808,-0.859]],"o":[[-0.413,0],[0,0],[-0.422,-0.222],[0,0],[-0.612,-1.008],[0.805,-0.858],[0,0],[0.422,0.222],[0,0],[0.611,1.008],[-0.509,0.541]],"v":[[13.688,13.33],[12.47,13.029],[-8.861,1.831],[-9.883,0.87],[-15.932,-9.095],[-15.602,-12.253],[-12.471,-12.78],[8.862,-1.582],[9.885,-0.62],[15.934,9.344],[15.602,12.503]],"c":true}]}],"ix":2},"nm":"Trazado 2","mn":"ADBE Vector Shape - Group","hd":false},{"ty":"mm","mm":1,"nm":"Combinar trazados 1","mn":"ADBE Vector Filter - Merge","hd":false},{"ty":"fl","c":{"a":0,"k":[1,0.5569,0.2275,1],"ix":4},"o":{"a":0,"k":100,"ix":5},"r":1,"bm":0,"nm":"Relleno 1","mn":"ADBE Vector Graphic - Fill","hd":false},{"ty":"tr","p":{"a":0,"k":[16.794,26.926],"ix":2},"a":{"a":0,"k":[0,0],"ix":1},"s":{"a":0,"k":[100,100],"ix":3},"r":{"a":0,"k":0,"ix":6},"o":{"a":0,"k":100,"ix":7},"sk":{"a":0,"k":0,"ix":4},"sa":{"a":0,"k":0,"ix":5},"nm":"Transformar"}],"nm":"Grupo 4","np":4,"cix":2,"bm":0,"ix":4,"mn":"ADBE Vector Group","hd":false},{"ty":"gr","it":[{"ind":0,"ty":"sh","ix":1,"ks":{"a":0,"k":{"i":[[0,0],[0,0],[0,0],[0,0]],"o":[[0,0],[0,0],[0,0],[0,0]],"v":[[-8.041,5.507],[8.042,13.949],[8.042,-5.38],[-8.041,-13.822]],"c":true},"ix":2},"nm":"Trazado 1","mn":"ADBE Vector Shape - Group","hd":false},{"ind":1,"ty":"sh","ix":2,"ks":{"a":0,"k":{"i":[[0.472,0],[0.382,0.202],[0,0],[0,0.976],[0,0],[-0.786,0.475],[-0.813,-0.429],[0,0],[0,-0.975],[0,0],[0.786,-0.476]],"o":[[-0.418,0],[0,0],[-0.862,-0.453],[0,0],[0,-0.919],[0.788,-0.478],[0,0],[0.863,0.453],[0,0],[0,0.919],[-0.416,0.252]],"v":[[10.665,20.915],[9.447,20.613],[-11.885,9.417],[-13.289,7.092],[-13.289,-18.163],[-12.023,-20.408],[-9.445,-20.486],[11.885,-9.29],[13.289,-6.967],[13.289,18.29],[12.023,20.536]],"c":true},"ix":2},"nm":"Trazado 2","mn":"ADBE Vector Shape - Group","hd":false},{"ty":"mm","mm":1,"nm":"Combinar trazados 1","mn":"ADBE Vector Filter - Merge","hd":false},{"ty":"fl","c":{"a":0,"k":[1,0.5569,0.2275,1],"ix":4},"o":{"a":0,"k":100,"ix":5},"r":1,"bm":0,"nm":"Relleno 1","mn":"ADBE Vector Graphic - Fill","hd":false},{"ty":"tr","p":{"a":0,"k":[19.819,44.593],"ix":2},"a":{"a":0,"k":[0,0],"ix":1},"s":{"a":0,"k":[100,100],"ix":3},"r":{"a":0,"k":0,"ix":6},"o":{"a":0,"k":100,"ix":7},"sk":{"a":0,"k":0,"ix":4},"sa":{"a":0,"k":0,"ix":5},"nm":"Transformar"}],"nm":"Grupo 5","np":4,"cix":2,"bm":0,"ix":5,"mn":"ADBE Vector Group","hd":false}],"ip":74.0000030140818,"op":96.0000039101601,"st":74.0000030140818,"bm":0},{"ddd":0,"ind":15,"ty":4,"nm":"Capa de formas 5","sr":1,"ks":{"o":{"a":0,"k":100,"ix":11},"r":{"a":0,"k":0,"ix":10},"p":{"a":0,"k":[250,250,0],"ix":2,"l":2},"a":{"a":0,"k":[7.321,13.05,0],"ix":1,"l":2},"s":{"a":0,"k":[196.605,196.605,100],"ix":6,"l":2}},"ao":0,"shapes":[{"ty":"gr","it":[{"d":1,"ty":"el","s":{"a":0,"k":[168.064,168.064],"ix":2},"p":{"a":0,"k":[0,0],"ix":3},"nm":"Trazado elÃÂÃÂ­ptico 1","mn":"ADBE Vector Shape - Ellipse","hd":false},{"ty":"fl","c":{"a":0,"k":[0.9961,0.9608,0.7412,1],"ix":4},"o":{"a":0,"k":100,"ix":5},"r":1,"bm":0,"nm":"Relleno 1","mn":"ADBE Vector Graphic - Fill","hd":false},{"ty":"tr","p":{"a":0,"k":[7.321,13.05],"ix":2},"a":{"a":0,"k":[0,0],"ix":1},"s":{"a":0,"k":[100,100],"ix":3},"r":{"a":0,"k":0,"ix":6},"o":{"a":0,"k":100,"ix":7},"sk":{"a":0,"k":0,"ix":4},"sa":{"a":0,"k":0,"ix":5},"nm":"Transformar"}],"nm":"Elipse 1","np":3,"cix":2,"bm":0,"ix":1,"mn":"ADBE Vector Group","hd":false}],"ip":0,"op":150.000006109625,"st":0,"bm":0}],"markers":[]}